SendPacket,SendRate(Mb/s),FlightSize,ReceiveRate(Mb/s),Send Loss,Recv Loss,RTT(ms),CWnd,FlowWindow,Retrans,PktSndPeriod(us),RecvACK,RecvNAK,EstimatedBandwidth(Mb/s),Retrans_Total,NAK_TotalRecv,Total Send Loss,Total Recv Loss,Timeout,usSndDuration
348,0.146678,18,0,1,0,28.918,18,8191,1,0,172,0,0.443072,172,-994651503,1,0,1,-374874330180975
861,0.385605,34,0,0,0,26.631,34,8191,0,0,428,0,2.41248,600,1818404435,1,0,1,2813055938
1302,0.583163,50,0,0,0,27.042,50,8191,0,0,652,0,2.67635,1252,295170957,1,0,1,2771733818
1873,0.838886,66,0,0,0,18.508,66,8191,0,0,935,0,5.71514,2187,-1216346607,1,0,1,2783449732
2529,1.13277,83,0,0,0,35.829,83,8163,0,0,1260,0,10.4984,3447,1623316359,1,0,1,2839662966
2908,1.30243,78,0,0,0,27.445,99,8189,0,0,1462,0,9.12442,4909,119716215,1,0,1,2791367152
3495,1.56533,114,0,0,0,37.333,115,8189,0,0,1734,0,28.0009,6643,-1391060973,1,0,1,2784190108
3749,1.6792,125,0,0,0,31.451,130,8189,0,0,1873,0,11.4482,8516,1406616483,1,0,1,2797677456
3637,1.62898,142,0,0,0,35.582,143,8189,0,0,1815,0,44.4756,10331,-99804661,1,0,1,2788546152
3687,1.65142,154,0,0,0,45.16,156,8189,0,0,1840,0,4.22688,12171,-1601632377,1,0,1,2793139580
3712,1.66269,162,0,0,0,45.497,167,8189,0,0,1854,0,8.32115,14025,1211399419,1,0,1,2813031796
3924,1.75596,175,0,0,0,33.255,178,8189,0,0,1959,0,10.696,15984,-290695159,1,0,1,2792872718
3906,1.74959,187,0,0,0,39.004,189,8189,0,0,1950,0,43.1137,17934,-1813339545,1,0,1,2772322910
3914,1.75318,193,0,0,0,39.886,199,8189,0,0,1957,0,9.0832,19891,1000047171,1,0,1,2813386716
3775,1.69089,190,0,0,0,61.162,208,8189,0,0,1892,0,24.7368,21783,-498878525,1,0,1,2796041600
3752,1.68063,206,0,0,0,48.813,217,8189,0,0,1870,0,65.6625,23653,-2009494925,1,0,1,2784350896
3853,1.72569,117,0,0,0,24.561,226,8189,0,0,1973,0,10.9554,25626,792966807,1,0,1,2802461732
3947,1.76784,194,0,0,0,32.203,234,8185,0,0,1938,0,41.8853,27564,-716539419,1,0,1,2785461070
3457,1.5484,211,0,0,0,58.478,242,8189,0,0,1723,0,21.6433,29287,2078798973,1,0,1,2795338392
3822,1.71195,244,0,0,0,56.322,249,8191,0,0,1898,0,7.37677,31185,572410603,1,0,1,2788578926
3767,1.68726,125,0,0,0,23.164,257,8179,0,0,1945,0,9.18624,33130,-922162101,1,0,1,2800394592
3914,1.75317,207,0,0,0,74.845,264,8163,0,0,1917,0,73.9209,35047,1855902531,1,0,1,2778064632
3780,1.6931,170,0,0,0,47.292,271,8187,0,0,1910,0,15.8937,36957,380333815,1,0,1,2819398580
3766,1.68667,270,0,0,0,62.654,278,8189,0,0,1835,0,48.8168,38792,-1151083657,1,0,1,2763549824
3483,1.56,165,0,0,0,31.602,284,8185,0,0,1797,0,13.9135,40589,1663534975,1,0,1,2814618632
3708,1.66086,173,0,0,0,57.268,291,8189,0,0,1854,0,4.21926,42443,173919431,1,0,1,2805351752
3791,1.69805,258,0,0,0,66.848,297,8187,0,0,1855,0,49.6514,44298,-1327533547,1,0,1,2793514318
3927,1.75891,257,0,0,0,61.58,304,8187,0,0,1968,0,61.8451,46266,1448099215,1,0,1,2775632762
3603,1.61383,90,0,0,0,39.408,310,8189,0,0,1887,0,59.1597,48153,-39873513,1,0,1,2806994568
3727,1.66937,209,0,0,0,62.173,316,8189,0,0,1806,0,65.6477,49959,-1534061751,1,0,1,2800779058
3554,1.59185,136,0,0,0,20.452,321,8179,0,0,1816,0,13.3446,51775,1251169215,1,0,1,2785230966
3717,1.66473,224,0,0,0,61.833,327,8189,0,0,1816,0,7.63526,53591,-244915183,1,0,1,2798882898
3808,1.70554,330,0,0,0,103.997,333,8189,0,0,1853,0,18.0051,55444,-1743062145,1,0,1,2796820334
3740,1.67524,203,0,0,0,57.479,338,8185,0,0,1937,0,5.32134,57381,1053891525,1,0,1,2796953670
3779,1.69254,190,0,0,0,55.386,344,8189,0,0,1900,0,32.4809,59281,-480129961,1,0,1,2760945810
3499,1.56724,305,0,0,0,79.593,349,8191,0,0,1665,0,46.032,60946,-1977276469,1,0,1,2797820788
3687,1.65129,266,0,0,0,78.569,354,8189,0,0,1867,0,22.7781,62813,833437577,1,0,1,2810714046
3882,1.73873,275,0,0,0,81.406,359,8187,0,0,1925,0,8.84621,64738,-656536087,1,0,1,2804993632
3688,1.65179,348,0,0,0,101.114,364,8185,0,0,1806,0,14.8776,66544,2124717530,1,0,1,2781253617
3671,1.64432,245,0,0,0,70.271,369,8189,0,0,1837,0,20.1233,68381,634781823,1,0,1,2805031589
3757,1.68284,170,0,0,0,45.456,374,8189,0,0,1876,0,31.1942,70257,-864760195,1,0,1,2795425278
3643,1.63171,371,0,0,0,103.252,379,8185,0,0,1700,0,7.55776,71957,1932338347,1,0,1,2797098542
3821,1.71148,382,0,0,0,52.294,384,8189,0,0,1883,0,31.2386,73840,420194213,1,0,1,2782823162
3848,1.72357,313,0,0,0,67.122,389,8189,0,0,1961,0,5.74381,75801,-1068866231,1,0,1,2805906852
3633,1.62732,170,0,0,0,67.868,394,8185,0,0,1891,0,5.97229,77692,1713758397,1,0,1,2782624628
3765,1.68637,206,0,0,0,19.439,398,8189,0,0,1787,0,9.8896,79479,224210837,1,0,1,2805419736
3622,1.62177,199,0,0,0,47.632,403,8179,0,0,1726,0,6.56723,81205,-1363148423,1,0,1,2707608036
3784,1.69492,186,0,0,0,40.578,407,8189,0,0,1854,0,73.718,83059,1499888033,1,0,1,2863036456
3680,1.64825,411,0,0,0,26.35,411,8189,0,0,1731,0,4.72909,84790,3352623,1,0,1,2798431886
3788,1.69674,146,0,0,0,30.424,416,8189,0,0,1985,0,52.0675,86775,-1483417993,1,0,1,2808196680
3920,1.75586,325,0,0,0,90.522,420,8189,0,0,1760,0,22.2589,88535,1289717337,1,0,1,2773135330
3660,1.63939,210,0,0,0,91.05,425,8189,0,0,1833,0,37.533,90368,-219106277,1,0,1,2786143682
3410,1.52741,173,0,0,0,47.21,429,8189,0,0,1729,0,8.67059,92097,-1724197155,1,0,1,2789876418
3767,1.68732,278,0,0,0,58.583,433,8189,0,0,1823,0,6.34368,93920,1095508531,1,0,1,2819705686
3775,1.69059,272,0,0,0,58.12,437,8189,0,0,1843,0,6.37728,95763,-402887281,1,0,1,2796571484
3694,1.65448,322,0,0,0,87.526,441,8189,0,0,1794,0,34.0538,97557,-1927202861,1,0,1,2770651716
3454,1.54668,252,0,0,0,59.03,445,8187,0,0,1735,0,16.3032,99292,897286197,1,0,1,2824489058
3591,1.60711,247,0,0,0,56.887,449,8189,0,0,1803,0,3.10867,101095,-601272371,1,0,1,2796408728
3732,1.67155,307,0,0,0,89.722,453,8189,0,0,1840,0,19.6887,102935,-2104216001,1,0,1,2792023666
3864,1.73078,270,0,0,0,81.757,458,8187,0,0,1953,0,3.82592,104888,691964703,1,0,1,2796180704
3676,1.64642,168,0,0,0,43.167,461,8187,0,0,1820,0,4.57722,106708,-822444505,1,0,1,2780558088
3791,1.69797,353,0,0,0,83.665,465,8191,0,0,1763,0,36.3534,108471,1975041781,1,0,1,2797486286
3531,1.58153,128,0,0,0,61.317,469,8189,0,0,1809,0,5.13005,110280,458265867,1,0,1,2778191382
3750,1.67965,324,0,0,0,111.325,473,8187,0,0,1649,0,19.9826,111929,-1028988879,1,0,1,2807712550
3738,1.67429,133,0,0,0,59.089,477,8189,0,0,1917,0,5.03686,113846,1776028179,1,0,1,2805017058
3686,1.65107,328,0,0,0,64.997,480,8189,0,0,1740,0,14.7007,115586,249995523,1,0,1,2768934640
3732,1.67167,240,0,0,0,98.289,484,8183,0,0,1733,0,21.5295,117319,-1226045705,1,0,1,2818926068
3871,1.73377,362,0,0,0,79.094,488,8191,0,0,1799,0,41.4136,119118,1546074331,1,0,1,2772120036
3615,1.6192,193,0,0,0,30.11,491,8189,0,0,1846,0,9.17459,120964,63031927,1,0,1,2811924892
3890,1.74234,272,0,0,0,70.603,495,8189,0,0,1819,0,8.02726,122783,-1440797521,1,0,1,2791137848
3547,1.58864,258,0,0,0,71.466,498,8189,0,0,1699,0,12.2264,124482,1344159911,1,0,1,2784957432
3712,1.66258,315,0,0,0,80.879,502,8189,0,0,1831,0,28.551,126313,-150253069,1,0,1,2800554316
3823,1.7123,504,0,0,0,114.597,505,8191,0,0,1621,0,3.8864,127934,-1646246509,1,0,1,2798973856
3782,1.69405,230,0,0,0,65.955,509,8189,0,0,1885,0,54.6376,129819,1144633233,1,0,1,2790879742
3810,1.7066,231,0,0,0,45.881,513,8189,0,0,1881,0,17.5065,131700,-345588203,1,0,1,2804745860
3832,1.71637,222,0,0,0,74.588,516,8187,0,0,1638,0,57.5241,133338,-1862097971,1,0,1,2778457528
3737,1.67379,146,0,0,0,22.944,520,8189,0,0,1908,0,41.0856,135246,932844053,1,0,1,2794942024
3582,1.60441,288,0,0,0,50.958,523,8187,0,0,1725,0,6.3513,136971,-566416959,1,0,1,2795706284
3672,1.64474,291,0,0,0,59.94,526,8189,0,0,1728,0,35.345,138699,-2055342401,1,0,1,2806041854
3708,1.66074,224,0,0,0,27.4,530,8187,0,0,1891,0,7.64915,140590,738267341,1,0,1,2793609742
3962,1.7745,421,0,0,0,78.901,533,8189,0,0,1884,0,56.8068,142474,-784244269,1,0,1,2772455686
3952,1.77012,351,0,0,0,94.65,537,8189,0,0,1855,0,42.999,144329,2013265677,1,0,1,2797509946
4154,1.86056,504,0,0,0,102.916,540,8187,0,0,1762,0,91.6617,146091,519350959,1,0,1,2801052578
3901,1.74723,108,0,0,0,22.888,543,8187,0,0,1806,0,3.41869,147897,-981254225,1,0,1,2794362112
3579,1.60315,127,0,0,0,22.021,547,8189,0,0,1784,0,52.2381,149681,1801967088,1,0,1,2783221313
3885,1.74018,195,0,0,0,33.247,550,8189,0,0,1911,0,69.5332,151592,325361419,1,0,1,2818361627
3697,1.65585,273,0,0,0,69.42,553,8189,0,0,1812,0,17.7704,153404,-1179977623,1,0,1,2789628254
3812,1.7074,233,0,0,0,65.175,557,8187,0,0,1929,0,32.4621,155333,1612624343,1,0,1,2792601966
3570,1.59896,459,0,0,0,88.993,560,8185,0,0,1675,0,3.36,157008,87612865,1,0,1,2769955818
3935,1.76254,542,0,0,0,86.249,563,8189,0,0,1793,0,12.9302,158801,-1391492925,1,0,1,2815861506
4007,1.79477,403,0,0,0,103.076,566,8189,0,0,1882,0,10.4276,160683,1405844419,1,0,1,2797337344
3800,1.70205,458,0,0,0,62.79,570,8189,0,0,1846,0,5.70214,162529,-98059861,1,0,1,2791063016
3634,1.62776,211,0,0,0,74.342,573,8189,0,0,1882,0,14.6953,164411,-1606262603,1,0,1,2786764554
4083,1.82887,495,0,0,0,135.729,576,8191,0,0,1753,0,65.7772,166164,1179052551,1,0,1,2785315154
3814,1.70834,328,0,0,0,70.018,579,8189,0,0,1810,0,16.5935,167974,-333159083,1,0,1,2782755662
3894,1.74418,144,0,0,0,80.82,582,8187,0,0,1941,0,16.2275,169915,-1798152349,1,0,1,2829974030
3744,1.67701,292,0,0,0,91.07,585,8191,0,0,1636,0,12.0709,171551,987974839,1,0,1,2786127188
3513,1.57339,280,0,0,0,100.611,588,8187,0,0,1747,0,21.5976,173298,-564520501,1,0,1,2742471956
3848,1.72358,339,0,0,0,91.689,591,8181,0,0,1835,0,13.4427,175133,-2007021481,1,0,1,2852466316
3669,1.64341,286,0,0,0,78.577,594,8179,0,0,1735,0,12.0911,176868,786387123,1,0,1,2793408604
3664,1.64117,169,0,0,0,54.911,597,8189,0,0,1892,0,50.5801,178760,-743520465,1,0,1,2765059708
3659,1.63885,440,0,0,0,116.576,600,8189,0,0,1540,0,27.5896,180300,2069884397,1,0,1,2813404862
3779,1.6926,309,0,0,0,56.712,603,8187,0,0,1866,0,12.9848,182166,574142481,1,0,1,2799225380
3880,1.73785,308,0,0,0,76.035,606,8185,0,0,1816,0,19.695,183982,-944788309,1,0,1,2776036506
3840,1.71996,319,0,0,0,80.232,609,8191,0,0,1916,0,24.6651,185898,1864017147,1,0,1,2808805456
3847,1.72309,378,0,0,0,33.944,612,8191,0,0,1859,0,2.69472,187757,328130035,1,0,1,2759080184
3761,1.68453,594,0,0,0,120.911,615,8191,0,0,1638,0,32.2242,189395,-1160196865,1,0,1,2806640396
3766,1.68683,241,0,0,0,64.737,618,8187,0,0,1831,0,76.9346,191226,1657552377,1,0,1,2817749242
3770,1.68865,181,0,0,0,47.824,621,8189,0,0,1847,0,8.35386,193073,164532957,1,0,1,2801947876
3941,1.76523,266,0,0,0,54.829,624,8189,0,0,1916,0,17.1275,194989,-1354274239,1,0,1,2776160100
4127,1.84856,413,0,0,0,83.038,627,8189,0,0,1862,0,52.7489,196851,1451135333,1,0,1,2805409572
3797,1.70066,448,0,0,0,89.382,630,8189,0,0,1775,0,3.09299,198626,-85502713,1,0,1,2758329250
3644,1.6319,458,0,0,0,132.782,632,8187,0,0,1634,0,37.6817,200260,-1542568073,1,0,1,2837901936
3986,1.78543,195,0,0,0,51.051,635,8189,0,0,1907,0,48.2711,202167,1244448523,1,0,1,2787016596
3621,1.62169,200,0,0,0,41.203,638,8189,0,0,1813,0,26.6923,203980,-252362461,1,0,1,2798156312
3749,1.67916,310,0,0,0,92.656,641,8191,0,0,1820,0,28.7298,205800,-1754758381,1,0,1,2792571376
3533,1.58249,326,0,0,0,74.513,644,8187,0,0,1742,0,25.4657,207542,1035485691,1,0,1,2790244072
3914,1.75299,423,0,0,0,67.36,647,8189,0,0,1855,0,15.0156,209397,-464571025,1,0,1,2794910580
3661,1.6397,147,0,0,0,40.119,650,8187,0,0,1914,0,6.57933,211311,-1976377073,1,0,1,2783161248
3828,1.71439,509,0,0,0,60.852,652,8189,0,0,1694,0,8.31757,213005,820225911,1,0,1,2796602984
3788,1.69664,318,0,0,0,66.862,655,8189,0,0,1825,0,51.6674,214830,-683357895,1,0,1,2791383490
3985,1.78495,343,0,0,0,110.648,658,8189,0,0,1771,0,33.8016,216601,2121843259,1,0,1,2805201154
3675,1.64607,290,0,0,0,90.915,660,8189,0,0,1708,0,33.721,218309,629561695,1,0,1,2802685732
3636,1.62833,482,0,0,0,64.285,663,8187,0,0,1714,0,16.0003,220023,-871276053,1,0,1,2794129548
3725,1.6685,186,0,0,0,69.85,666,8187,0,0,1937,0,16.8215,221960,1898044445,1,0,1,2769320498
3735,1.67262,237,0,0,0,59.213,669,8189,0,0,1843,0,3.1369,223803,418486081,1,0,1,2815408932
3747,1.67834,298,0,0,0,83.539,671,8189,0,0,1847,0,3.09747,225650,-1081331557,1,0,1,2795149658
3889,1.74194,599,0,0,0,179.801,673,8191,0,0,1387,0,45.8658,227037,1689407113,1,0,1,2770738670
3747,1.67833,292,0,0,0,96.054,676,8189,0,0,1783,0,20.0919,228820,215747574,1,0,1,2821307757
3769,1.68825,246,0,0,0,69.936,679,8189,0,0,1858,0,38.998,230678,-1300107619,1,0,1,2779112103
3648,1.63401,280,0,0,0,68.858,681,8191,0,0,1809,0,3.77574,232487,1504972001,1,0,1,2805079620
3772,1.68935,358,0,0,0,54.875,684,8191,0,0,1849,0,5.94406,234336,-36606752,1,0,1,2753388543
3671,1.64415,204,0,0,0,66.337,686,8187,0,0,1539,0,13.1591,235875,-1517823685,1,0,1,2813750363
3924,1.75751,152,0,0,0,67.94,689,8189,0,0,1793,0,8.58099,237668,1285553587,1,0,1,2803377272
3562,1.59544,231,0,0,0,37.393,691,8189,0,0,1745,0,20.4897,239413,-211454973,1,0,1,2797958736
3620,1.62142,235,0,0,0,52.026,694,8189,0,0,1813,0,7.8848,241226,-1701603891,1,0,1,2804818378
3879,1.73676,445,0,0,0,122.748,697,8189,0,0,1803,0,14.1998,243029,1095566961,1,0,1,2797170852
3732,1.67159,275,0,0,0,77.179,699,8189,0,0,1902,0,22.8493,244931,-415033309,1,0,1,2784367026
3895,1.74459,622,0,0,0,176.29,702,8189,0,0,1520,0,16.5303,246451,-1910972037,1,0,1,2799028568
3768,1.68782,272,0,0,0,95.914,704,8187,0,0,1772,0,3.37344,248223,878861107,1,0,1,2789833144
3705,1.65949,212,0,0,0,50.371,707,8189,0,0,1886,0,11.3483,250109,-622961989,1,0,1,2793144200
4197,1.87972,335,0,0,0,187.448,709,8189,0,0,1451,0,72.43,251560,-2115795405,1,0,1,2802133880
3676,1.64652,184,0,0,0,43.576,711,8187,0,0,1878,0,49.1326,253438,677819433,1,0,1,2793614838
3927,1.75886,323,0,0,0,137.817,714,8187,0,0,1533,0,28.5224,254971,-820342579,1,0,1,2796805284
3957,1.77234,583,0,0,0,66.41,716,8189,0,0,1853,0,11.5781,256824,1906984457,1,0,1,2727327036
4119,1.84497,215,0,0,0,68.445,719,8189,0,0,2153,0,12.0521,258977,472136507,1,0,1,2860119346
3939,1.76426,364,0,0,0,68.844,722,8189,0,0,1802,0,6.67968,260779,-1034921035,1,0,1,2787909754
3949,1.76882,230,0,0,0,79.98,724,8189,0,0,1806,0,10.8707,262585,1762576927,1,0,1,2797497962
3618,1.62044,362,0,0,0,86.952,727,8189,0,0,1746,0,14.4171,264331,247198177,1,0,1,2779588546
3736,1.67341,320,0,0,0,88.714,729,8189,0,0,1572,0,23.0397,265903,-1245821341,1,0,1,2801947778
3835,1.7178,279,0,0,0,57.882,731,8189,0,0,1886,0,18.2896,267789,1544408787,1,0,1,2790230128
3780,1.69296,168,0,0,0,30.041,734,8187,0,0,1868,0,31.558,269657,31599331,1,0,1,2782157840
3571,1.59949,138,0,0,0,63.053,736,8179,0,0,1580,0,5.18202,271237,-1461441173,1,0,1,2801926792
3911,1.75181,291,0,0,0,64.776,738,8189,0,0,1745,0,15.8131,272982,1343559557,1,0,1,2805000730
3859,1.72847,248,0,0,0,72.053,740,8189,0,0,1405,0,105.269,274387,-157086489,1,0,1,2794321250
3930,1.76025,728,0,0,0,95.704,742,8189,0,0,1608,0,18.3555,275995,-1652201331,1,0,1,2799852454
3972,1.77911,719,0,0,0,76.534,744,8185,0,0,1405,0,97.4938,277400,1107395579,1,0,1,2759596910
3877,1.73636,291,0,0,0,88.595,747,8189,0,0,1723,0,24.489,279123,-377008633,1,0,1,2810563084
4157,1.86184,135,0,0,0,42.42,749,8189,0,0,1899,0,61.8356,281022,-1859853189,1,0,1,2812122740
3581,1.60388,233,0,0,0,53.901,752,8191,0,0,1744,0,16.783,282766,919780171,1,0,1,2779633360
3810,1.70646,452,0,0,0,101.064,754,8189,0,0,1695,0,28.883,284461,-583331331,1,0,1,2791855794
3931,1.76064,179,0,0,0,33.631,756,8189,0,0,1743,0,11.9921,286204,-2108186023,1,0,1,2770112604
3836,1.71821,369,0,0,0,66.176,758,8187,0,0,1826,0,19.3375,288030,713768511,1,0,1,2821954534
3609,1.61652,281,0,0,0,89.888,761,8189,0,0,1818,0,16.2651,289848,-782082117,1,0,1,2799116668
3584,1.60533,201,0,0,0,86.588,763,8187,0,0,1528,0,16.175,291376,2019163717,1,0,1,2801245834
3672,1.64475,315,0,0,0,104.006,765,8189,0,0,1603,0,10.3569,292979,466551505,1,0,1,2742355084
3748,1.67872,121,0,0,0,43.831,767,8187,0,0,1618,0,4.5015,294597,-985562239,1,0,1,2842853552
3859,1.72854,161,0,0,0,50.1,770,8189,0,0,1911,0,6.30336,296508,1809677243,1,0,1,2795239482
4152,1.85978,327,0,0,0,83.968,772,8189,0,0,1975,0,10.3932,298483,313249439,1,0,1,2798539492
3656,1.6376,310,0,0,0,35.053,775,8187,0,0,1840,0,4.20717,300323,-1196897329,1,0,1,2784820528
3834,1.71731,329,0,0,0,55.484,777,8189,0,0,1807,0,6.27155,302130,1601652929,1,0,1,2798550258
3953,1.77065,281,0,0,0,89.45,779,8187,0,0,1973,0,20.8109,304103,102567085,1,0,1,2795881452
3666,1.64213,396,0,0,0,76.667,782,8187,0,0,1729,0,22.7692,305832,-1396085893,1,0,1,2796314318
3603,1.61386,158,0,0,0,42.556,784,8190,0,0,1872,0,15.9071,307704,1399216995,1,0,1,2795302888
3671,1.64427,222,0,0,0,92.254,786,8191,0,0,1764,0,14.4449,309468,-103827050,1,0,1,2791923251
3833,1.71687,298,0,0,0,78.409,789,8189,0,0,1881,0,16.0859,311349,-1618928283,1,0,1,2779866063
3500,1.56772,330,0,0,0,79.675,791,8187,0,0,1737,0,12.1892,313086,1169682227,1,0,1,2788610510
4010,1.79616,358,0,0,0,67.612,793,8189,0,0,1979,0,14.1801,315065,-327426999,1,0,1,2797858070
3769,1.68817,161,0,0,0,27.426,796,8189,0,0,1882,0,22.4703,316947,-1840708297,1,0,1,2781685998
3935,1.76256,253,0,0,0,95.184,798,8187,0,0,1726,0,9.26778,318673,978381531,1,0,1,2819089828
4021,1.801,224,0,0,0,50.435,800,8189,0,0,2001,0,18.2175,320674,-540189991,1,0,1,2776395774
3897,1.74555,563,0,0,0,72.637,803,8183,0,0,1773,0,8.60922,322447,-2030806535,1,0,1,2804350752
3800,1.70211,287,0,0,0,104.454,805,8189,0,0,1676,0,6.07981,324123,773084065,1,0,1,2803890600
4161,1.86381,265,0,0,0,96.61,807,8189,0,0,1935,0,56.6568,326058,-725364219,1,0,1,2796519012
3879,1.73744,252,0,0,0,66.3,809,8187,0,0,1868,0,29.0954,327926,2058731837,1,0,1,2784096056
3678,1.64747,256,0,0,0,68.769,812,8189,0,0,1841,0,4.78464,329767,560016055,1,0,1,2796251514
3662,1.64026,214,0,0,0,51.402,814,8185,0,0,1854,0,50.6298,331621,-932505581,1,0,1,2802445660
3919,1.75365,136,0,0,0,34.137,816,8189,0,0,2002,0,4.45357,333623,1857917537,1,0,1,2790423118
3811,1.70698,233,0,0,0,59.472,819,8191,0,0,1818,0,38.9316,335441,344192954,1,0,1,2781242713
3492,1.56421,437,0,0,0,87.101,820,8189,0,0,1545,0,18.7322,336986,-1147335513,1,0,1,2803438829
2477,1.10957,345,0,0,0,141.611,822,8189,0,0,1232,0,11.6968,338218,1623737767,1,0,1,2771073280
3366,1.50765,321,0,0,0,105.323,824,8189,0,0,1639,0,2.9904,339857,135096651,1,0,1,2806326180
3738,1.67426,152,0,0,0,43.273,826,8189,0,0,1866,0,2.80448,341723,-1346725299,1,0,1,2813145346
3812,1.7075,444,0,0,0,136.387,828,8189,0,0,1634,0,32.6767,343357,1412506924,1,0,1,2759232223
3680,1.64846,128,0,0,0,46.932,830,8187,0,0,1898,0,78.0062,345255,-61645855,1,0,1,2820814517
3718,1.66538,217,0,0,0,76.297,832,8187,0,0,1684,0,19.6175,346939,-1562653837,1,0,1,2793959314
3745,1.67747,179,0,0,0,52.105,835,8189,0,0,1842,0,21.8351,348781,1230249847,1,0,1,2792903684
3978,1.78194,393,0,0,0,78.749,837,8189,0,0,1883,0,23.1853,350664,-271410348,1,0,1,2793307101
3755,1.68202,188,0,0,0,67.221,839,8189,0,0,1766,0,50.5711,352430,-1780945647,1,0,1,2785431997
3822,1.71207,528,0,0,0,76.153,841,8189,0,0,1648,0,9.61184,354078,1020787856,1,0,1,2801733503
3674,1.64572,397,0,0,0,110.278,843,8187,0,0,1401,0,25.196,355479,-501292833,1,0,1,2772886607
3948,1.76849,376,0,0,0,72.681,845,8187,0,0,1682,0,5.95437,357161,-1986470394,1,0,1,2809789735
3742,1.67623,456,0,0,0,74.849,847,8189,0,0,1673,0,5.79264,358834,818549037,1,0,1,2805019431
3737,1.67403,363,0,0,0,100.645,849,8189,0,0,1761,0,18.1637,360595,-719032282,1,0,1,2757385977
3877,1.73673,384,0,0,0,114.787,851,8191,0,0,1818,0,10.9048,362413,2116086411,1,0,1,2835118693
3733,1.67221,414,0,0,0,154.405,853,8191,0,0,1588,0,5.18381,364001,600010825,1,0,1,2778891710
3835,1.71771,233,0,0,0,68.853,855,8187,0,0,1909,0,6.63085,365910,-923270155,1,0,1,2771686316
4065,1.82073,292,0,0,0,94.007,857,8187,0,0,1986,0,3.39808,367896,1894316539,1,0,1,2817586694
3623,1.62279,439,0,0,0,87.15,859,8189,0,0,1600,0,4.40787,369496,382225003,1,0,1,2782875760
3628,1.62498,281,0,0,0,107.381,861,8189,0,0,1799,0,8.6352,371295,-1105527749,1,0,1,2807214544
4068,1.82213,283,0,0,0,51.945,864,8189,0,0,2011,0,60.9186,373306,1680756017,1,0,1,2786283766
3703,1.65865,260,0,0,0,46.765,866,8189,0,0,1860,0,30.4703,375166,199485467,1,0,1,2813696746
3748,1.67865,323,0,0,0,98.352,867,8189,0,0,1506,0,30.5935,376672,-1314080115,1,0,1,2781401714
3739,1.67471,345,0,0,0,82.768,870,8189,0,0,1839,0,7.46861,378511,1491487993,1,0,1,2805568108
3735,1.67298,317,0,0,0,75.889,872,8189,0,0,1881,0,19.083,380392,-7271329,1,0,1,2796207974
3747,1.67815,120,0,0,0,61.81,874,8189,0,0,1874,0,28.5174,382266,-1526330721,1,0,1,2775907904
4015,1.7982,376,0,0,0,69.453,876,8189,0,0,1877,0,24.7972,384143,1267741077,1,0,1,2794071798
3599,1.61182,325,0,0,0,66.869,878,8187,0,0,1806,0,89.5978,385949,-251253821,1,0,1,2775972398
3765,1.6862,167,0,0,0,39.067,880,8190,0,0,1918,0,35.7141,387867,-1726088649,1,0,1,2820132468
3682,1.64926,242,0,0,0,51.656,882,8189,0,0,1807,0,5.10182,389674,1047130917,1,0,1,2773219566
3743,1.67651,193,0,0,0,53.448,884,8187,0,0,1669,0,4.85498,391343,-440000733,1,0,1,2807835646
3630,1.62596,348,0,0,0,79.614,886,8189,0,0,1739,0,5.07046,393082,-1926260925,1,0,1,2808707104
3540,1.58563,181,0,0,0,51.733,888,8187,0,0,1842,0,25.3595,394924,860077273,1,0,1,2786338198
3906,1.74955,254,0,0,0,59.783,890,8189,0,0,1888,0,28.4906,396812,-670079471,1,0,1,2764810552
3947,1.76792,264,0,0,0,82.423,892,8189,0,0,1836,0,39.5674,398648,-2136311235,1,0,1,2828735532
3655,1.63709,208,0,0,0,24.329,894,8189,0,0,1857,0,7.2025,400505,661068781,1,0,1,2797380016
3747,1.67841,241,0,0,0,50.896,896,8187,0,0,1793,0,53.0311,402298,-839882791,1,0,1,2794015724
3631,1.62638,270,0,0,0,57.974,899,8187,0,0,1805,0,13.4463,404103,1956056019,1,0,1,2795938810
3900,1.7469,252,0,0,0,70.631,901,8185,0,0,1961,0,19.2313,406064,436216715,1,0,1,2775127992
3853,1.72582,347,0,0,0,55.734,903,8191,0,0,1882,0,5.67392,407946,-1047664303,1,0,1,2811086278
3501,1.56815,340,0,0,0,84.065,905,8189,0,0,1728,0,8.55814,409674,1724424345,1,0,1,2772088648
3634,1.62775,363,0,0,0,130.089,907,8189,0,0,1652,0,4.29542,411326,233437515,1,0,1,2803980466
3796,1.7003,300,0,0,0,46.336,908,8189,0,0,1738,0,5.72589,413064,-1260033307,1,0,1,2801496474
3709,1.66133,194,0,0,0,72.957,910,8189,0,0,1750,0,18.3178,414814,1532857815,1,0,1,2792891122
3874,1.7351,168,0,0,0,47.03,912,8189,0,0,1953,0,18.9083,416767,25017211,1,0,1,2787126692
3490,1.56316,252,0,0,0,44.154,914,8187,0,0,1707,0,3.86042,418474,-1475352349,1,0,1,2794597736
3704,1.65906,329,0,0,0,45.645,916,8189,0,0,1735,0,7.85971,420209,1302348607,1,0,1,2777700956
3815,1.70863,113,0,0,0,49.671,918,8189,0,0,2018,0,12.6497,422227,-176713563,1,0,1,2815905126
4003,1.79303,360,0,0,0,121.029,920,8187,0,0,1829,0,4.648,424056,-1680295557,1,0,1,2791385302
3875,1.73556,182,0,0,0,28.554,922,8187,0,0,1596,0,22.2204,425652,1103197535,1,0,1,2783493092
4006,1.79431,159,0,0,0,68.778,924,8189,0,0,2017,0,31.7359,427669,-376170361,1,0,1,2815599400
3979,1.78223,67,0,0,0,72.24,926,8189,0,0,1943,0,61.923,429612,-1877393403,1,0,1,2793744254
4072,1.82393,147,0,0,0,45.216,928,8181,0,0,1517,0,7.79878,431129,912343225,1,0,1,2789736628
3840,1.72001,255,0,0,0,81.39,930,8189,0,0,1632,0,13.8033,432761,-581947045,1,0,1,2800677026
3681,1.64875,189,0,0,0,43.56,932,8189,0,0,1878,0,74.545,434639,-2093302209,1,0,1,2783612132
3984,1.78445,516,0,0,0,36.692,934,8189,0,0,1760,0,11.6166,436399,711866351,1,0,1,2805168560
3420,1.53189,194,0,0,0,37.706,936,8185,0,0,1648,0,10.743,438047,-812588405,1,0,1,2770468961
3764,1.68596,188,0,0,0,34.517,938,8189,0,0,1887,0,3.94957,439934,1995510529,1,0,1,2808098934
3954,1.77103,367,0,0,0,74.651,939,8187,0,0,1779,0,4.66547,441713,504127051,1,0,1,2803583818
3639,1.62995,254,0,0,0,73.125,941,8185,0,0,1742,0,27.3441,443455,-1038344765,1,0,1,2752495480
3819,1.71057,158,0,0,0,71.382,943,8189,0,0,1947,0,4.93338,445402,1792911429,1,0,1,2831256194
3826,1.71348,311,0,0,0,111.624,945,8189,0,0,1834,0,73.3389,447236,282760401,1,0,1,2784816268
3669,1.64336,391,0,0,0,102.036,947,8189,0,0,1771,0,25.4146,449007,-1208893341,1,0,1,2803313554
3824,1.71279,159,0,0,0,45.867,949,8189,0,0,1629,0,5.60941,450636,1589568669,1,0,1,2798462010
3554,1.59189,243,0,0,0,60.636,951,8189,0,0,1738,0,3.90746,452374,88880273,1,0,1,2794278900
3732,1.67161,453,0,0,0,49.606,952,8189,0,0,1718,0,21.017,454092,-1411695731,1,0,1,2794391292
3875,1.73547,437,0,0,0,59.958,954,8189,0,0,1727,0,55.5023,455819,1368121855,1,0,1,2779817586
3961,1.77404,132,0,0,0,43.801,956,8191,0,0,2072,0,3.37568,457891,-135291991,1,0,1,2791553450
3684,1.65005,216,0,0,0,60.78,958,8189,0,0,1802,0,41.6618,459693,-1637342377,1,0,1,2792916910
4050,1.81402,606,0,0,0,132.281,960,8189,0,0,1482,0,34.1201,461175,1173820540,1,0,1,2811162917
3871,1.73391,300,0,0,0,70.578,962,8189,0,0,1776,0,3.80442,462951,-331500109,1,0,1,2789646647
4031,1.80559,312,0,0,0,80.776,963,8187,0,0,1656,0,9.02362,464607,-1827296383,1,0,1,2799171022
3889,1.74201,124,0,0,0,37.328,966,8189,0,0,2042,0,10.8815,466649,947901437,1,0,1,2775197820
3866,1.73166,327,0,0,0,86.765,967,8189,0,0,1414,0,6.39341,468063,-533887743,1,0,1,2813178116
3736,1.67336,315,0,0,0,69.194,969,8189,0,0,1662,0,4.40294,469725,-2047964157,1,0,1,2780890882
3806,1.70481,304,0,0,0,115.109,971,8189,0,0,1861,0,9.4631,471586,757365811,1,0,1,2805329968
3612,1.61779,109,0,0,0,60.517,973,8187,0,0,1860,0,56.7177,473446,-750622577,1,0,1,2786978908
3932,1.76121,287,0,0,0,61.695,975,8187,0,0,1879,0,31.5119,475325,2050369561,1,0,1,2800992138
3804,1.7039,226,0,0,0,53.063,976,8189,0,0,1905,0,5.06957,477230,547043943,1,0,1,2791641678
3764,1.68598,125,0,0,0,41.717,978,8187,0,0,1934,0,19.5969,479164,-968545045,1,0,1,2779378308
3858,1.72802,347,0,0,0,71.551,980,8189,0,0,1763,0,3.40614,480927,1831600317,1,0,1,2800145362
3867,1.73214,196,0,0,0,44.811,982,8187,0,0,1989,0,11.5629,482916,328563225,1,0,1,2791930204
4071,1.82349,481,0,0,0,152.404,984,8189,0,0,1640,0,31.7502,484556,-1162430597,1,0,1,2803973474
3657,1.638,206,0,0,0,67.31,986,8189,0,0,1778,0,27.617,486334,1612421327,1,0,1,2774851924
4020,1.8005,452,0,0,0,104.725,987,8189,0,0,1726,0,60.2161,488060,115708085,1,0,1,2798254054
3970,1.77808,459,0,0,0,106.058,989,8185,0,0,1680,0,27.2729,489740,-1396541385,1,0,1,2782717826
4182,1.87318,304,0,0,0,67.752,990,8189,0,0,1198,0,45.7238,490938,1413395647,1,0,1,2809937032
3805,1.70435,334,0,0,0,79.522,992,8189,0,0,1736,0,23.5921,492674,-87400143,1,0,1,2794171506
3913,1.75254,307,0,0,0,85.963,994,8189,0,0,1810,0,5.79981,494484,-1598682437,1,0,1,2783685002
3708,1.66076,229,0,0,0,68.725,996,8189,0,0,1894,0,2.15846,496378,1219682903,1,0,1,2818365340
4226,1.89288,438,0,0,0,123.774,997,8189,0,0,1465,0,14.4036,497843,-286174111,1,0,1,2789110282
3747,1.67832,258,0,0,0,85.417,999,8189,0,0,1915,0,16.2306,499758,-1795368095,1,0,1,2785773312
3919,1.75445,269,0,0,0,66.926,1001,8189,0,0,1830,0,5.69856,501588,1015628695,1,0,1,2810996790
3841,1.7192,355,0,0,0,98.423,1003,8189,0,0,1760,0,6.03098,503348,-482873013,1,0,1,2796465588
3969,1.77779,411,0,0,0,146.288,1005,8189,0,0,1763,0,32.4155,505111,-1992853725,1,0,1,2784986584
3706,1.65993,395,0,0,0,61.074,1006,8191,0,0,1799,0,32.6803,506910,790158981,1,0,1,2783012706
3838,1.71904,423,0,0,0,84.319,1008,8187,0,0,1810,0,5.42438,508720,-696279207,1,0,1,2808529108
3861,1.72943,182,0,0,0,49.799,1010,8189,0,0,1916,0,8.7033,510636,2088160829,1,0,1,2784440036
3785,1.69523,265,0,0,0,59.239,1012,8189,0,0,1788,0,31.7556,512424,551303023,1,0,1,2758109490
3816,1.7092,284,0,0,0,71.226,1013,8189,0,0,1628,0,69.6752,514052,-897199655,1,0,1,2846464618
3631,1.6247,249,0,0,0,56.605,1015,8189,0,0,1836,0,26.3397,515888,1881554043,1,0,1,2778753698
3974,1.78001,245,0,0,0,49.778,1017,8189,0,0,1972,0,80.7995,517860,365596057,1,0,1,2779009310
4141,1.8548,481,0,0,0,188.638,1019,8187,0,0,1690,0,7.35526,519550,-1113695131,1,0,1,2815676108
3999,1.79109,805,0,0,0,90.433,1020,8191,0,0,1477,0,5.26445,521027,1654921419,1,0,1,2768616550
3759,1.68358,443,0,0,0,87.824,1022,8189,0,0,1784,0,14.444,522811,174420743,1,0,1,2814466620
3612,1.61773,246,0,0,0,63.647,1024,8175,0,0,1716,0,10.0146,524527,-1335373267,1,0,1,2785173286
3970,1.77808,456,0,0,0,72.863,1026,8185,0,0,1829,0,42.5896,526356,1483179589,1,0,1,2818552856
3926,1.75855,419,0,0,0,82.631,1027,8189,0,0,1903,0,4.4352,528259,-32267803,1,0,1,2779519904
3828,1.71459,223,0,0,0,61.088,1029,8185,0,0,1967,0,5.89075,530226,-1522857887,1,0,1,2804377212
3438,1.53983,154,0,0,0,34.142,1031,8187,0,0,1572,0,69.6098,531798,1275220809,1,0,1,2798078696
4026,1.80316,247,0,0,0,77.649,1033,8189,0,0,1830,0,6.44,533628,-234477091,1,0,1,2785269396
3971,1.77848,395,0,0,0,50.139,1034,8189,0,0,1912,0,111.483,535540,-1727429521,1,0,1,2802014866
4011,1.79653,346,0,0,0,73.988,1036,8187,0,0,1948,0,47.6564,537488,1056866931,1,0,1,2784296452
3657,1.63798,338,0,0,0,112.245,1038,8189,0,0,1659,0,5.48083,539147,-439632959,1,0,1,2798467406
4034,1.80682,447,0,0,0,103.815,1040,8189,0,0,1670,0,40.5686,540817,-1963268297,1,0,1,2771331958
4075,1.82533,459,0,0,0,106.376,1041,8189,0,0,1288,0,10.7784,542105,855302049,1,0,1,2818570346
3817,1.70969,307,0,0,0,115.731,1043,8189,0,0,1856,0,49.375,543961,-645314051,1,0,1,2794351196
3873,1.73475,127,0,0,0,36.732,1044,8189,0,0,1919,0,68.9902,545880,-2140186637,1,0,1,2800094710
4058,1.81763,417,0,0,0,88.091,1046,8189,0,0,1777,0,85.8063,547657,649600755,1,0,1,2789787392
3744,1.67703,279,0,0,0,79.222,1048,8189,0,0,1822,0,7.19802,549479,-849087685,1,0,1,2796278856
3742,1.6761,196,0,0,0,46.362,1050,8187,0,0,1914,0,6.76659,551393,1944660139,1,0,1,2793747824
3683,1.64957,156,0,0,0,39.989,1051,8189,0,0,1864,0,6.80915,553257,435122805,1,0,1,2785429962
4049,1.81346,222,0,0,0,36.696,1053,8183,0,0,1669,0,33.4123,554926,-1067430307,1,0,1,2792414184
3934,1.76199,565,0,0,0,160.523,1054,8173,0,0,1306,0,19.884,556232,1738106127,1,0,1,2805536434
4044,1.81138,431,0,0,0,96.805,1056,8191,0,0,1579,0,5.83162,557811,231408089,1,0,1,2788269258
3797,1.70077,279,0,0,0,83.392,1057,8189,0,0,1762,0,12.0503,559573,-1268596007,1,0,1,2794963200
3772,1.68942,277,0,0,0,63.366,1059,8187,0,0,1808,0,10.5419,561381,1523860121,1,0,1,2792456128
3988,1.7863,447,0,0,0,80.268,1061,8189,0,0,1832,0,13.7267,563213,32758563,1,0,1,2803865738
3649,1.6345,252,0,0,0,92.922,1063,8189,0,0,1772,0,88.9262,564985,-1470125609,1,0,1,2792083124
3842,1.72091,288,0,0,0,76.852,1064,8189,0,0,1903,0,132.522,566888,1322842933,1,0,1,2792968542
3767,1.68721,281,0,0,0,62.849,1066,8189,0,0,1633,0,42.151,568521,-208745787,1,0,1,2763378576
3832,1.71642,360,0,0,0,66.46,1068,8189,0,0,1842,0,6.54483,570363,-1681860567,1,0,1,2821852516
3668,1.64297,399,0,0,0,96.371,1069,8189,0,0,1727,0,32.5951,572090,1118237195,1,0,1,2800097762
3786,1.69569,373,0,0,0,97.367,1071,8189,0,0,1842,0,27.7912,573932,-392998997,1,0,1,2783731104
3952,1.77016,352,0,0,0,105.927,1073,8189,0,0,1888,0,54.3178,575820,-1883376799,1,0,1,2804589494
3732,1.66938,163,0,0,0,75.523,1074,8189,0,0,1941,0,24.7283,577761,901014125,1,0,1,2784390924
3618,1.6205,300,0,0,0,79.539,1076,8189,0,0,1689,0,19.0387,579450,-596156827,1,0,1,2797796344
4137,1.85288,420,0,0,0,102.491,1077,8189,0,0,1548,0,58.1092,580998,-2090218953,1,0,1,2800905170
3815,1.7088,440,0,0,0,87.77,1079,8189,0,0,1678,0,7.79878,582676,706752189,1,0,1,2796971142
3901,1.74734,313,0,0,0,102.055,1081,8189,0,0,1971,0,8.87846,584647,-800726669,1,0,1,2787488438
3733,1.67204,253,0,0,0,72.015,1083,8187,0,0,1896,0,103.847,586543,1965352829,1,0,1,2766079498
3868,1.73238,145,0,0,0,53.547,1084,8187,0,0,1904,0,10.3143,588447,478020739,1,0,1,2807635206
4031,1.80548,321,0,0,0,72.956,1086,8175,0,0,1929,0,32.0777,590376,-1023482049,1,0,1,2793464508
3889,1.74181,351,0,0,0,103.84,1088,8189,0,0,1712,0,45.472,592088,1777322923,1,0,1,2800804972
3904,1.74866,286,0,0,0,79.349,1089,8185,0,0,1700,0,5.3536,593788,284286171,1,0,1,2801930544
3678,1.64745,260,0,0,0,66.836,1091,8187,0,0,1845,0,27.4257,595633,-1229097873,1,0,1,2781583252
4058,1.81765,241,0,0,0,70.935,1093,8189,0,0,2040,0,7.43322,597673,1580623825,1,0,1,2809721698
3603,1.61377,210,0,0,0,51.866,1094,8189,0,0,1710,0,51.0657,599383,80226139,1,0,1,2794569610
3945,1.76704,269,0,0,0,91.429,1096,8189,0,0,1686,0,19.7505,601069,-1427633225,1,0,1,2787107932
3727,1.6694,231,0,0,0,48.185,1098,8187,0,0,1878,0,49.0685,602947,1371141985,1,0,1,2798775210
4252,1.90381,436,0,0,0,124.394,1099,8187,0,0,1883,0,12.2783,604830,-124476423,1,0,1,2799348888
3813,1.70789,596,0,0,0,107.667,1101,8189,0,0,1767,0,33.587,606597,-1626465113,1,0,1,2792978606
3874,1.73525,277,0,0,0,76.177,1103,8189,0,0,1850,0,24.3067,608447,1166941645,1,0,1,2793406758
3709,1.66129,232,0,0,0,137.481,1104,8183,0,0,1732,0,56.5649,610179,-331976511,1,0,1,2796049140
4065,1.8207,472,0,0,0,95.838,1106,8189,0,0,1695,0,7.07302,611874,-1872583493,1,0,1,2754360314
3913,1.75273,153,0,0,0,28.143,1108,8189,0,0,2042,0,7.36422,613916,938137887,1,0,1,2810721380
3962,1.77468,306,0,0,0,68.41,1109,8179,0,0,1818,0,8.88339,615734,-558618679,1,0,1,2798210730
3939,1.76438,173,0,0,0,50.789,1111,8189,0,0,1985,0,67.5615,617719,-2043532012,1,0,1,2810053963
3777,1.69168,240,0,0,0,107.139,1112,8185,0,0,1517,0,71.6325,619236,705552099,1,0,1,2749084111
4027,1.80362,161,0,0,0,87.444,1114,8189,0,0,1750,0,10.1096,620986,-768621165,1,0,1,2820794032
3595,1.61,334,0,0,0,77.024,1115,8189,0,0,1614,0,27.8544,622600,2049001279,1,0,1,2817622444
3885,1.74008,201,0,0,0,22.737,1117,8185,0,0,1969,0,7.83776,624569,531166565,1,0,1,2777132582
3981,1.78319,375,0,0,0,78.159,1119,8189,0,0,1904,0,26.2685,626473,-958872321,1,0,1,2804928410
3844,1.72179,366,0,0,0,113.8,1120,8187,0,0,1840,0,15.8126,628313,1841747553,1,0,1,2800619874
3627,1.62296,147,0,0,0,58.709,1122,8185,0,0,1902,0,28.1604,630215,343171953,1,0,1,2796391696
3832,1.71644,129,0,0,0,41.874,1124,8189,0,0,1860,0,16.9129,632075,-1164529813,1,0,1,2787265530
4091,1.83242,561,0,0,0,71.642,1125,8189,0,0,1831,0,12.6376,633906,1635684765,1,0,1,2800214578
3778,1.69217,449,0,0,0,105.797,1127,8191,0,0,1743,0,13.0507,635649,128832631,1,0,1,2788115162
3884,1.73966,288,0,0,0,109.398,1128,8187,0,0,1626,0,8.1657,637275,-1373807071,1,0,1,2792327594
3890,1.74239,147,0,0,0,20.218,1130,8187,0,0,2017,0,17.9294,639292,1411728325,1,0,1,2785535396
3637,1.62866,166,0,0,0,34.011,1132,8189,0,0,1813,0,14.0242,641105,-99500111,1,0,1,2783738860
3957,1.77227,321,0,0,0,58.522,1134,8187,0,0,1903,0,4.25421,643008,-1603394857,1,0,1,2791072550
4022,1.80132,353,0,0,0,69.268,1135,8189,0,0,1973,0,56.8176,644981,1209642059,1,0,1,2813036916
3762,1.68505,213,0,0,0,80.758,1137,8191,0,0,1849,0,18.3913,646830,-279780653,1,0,1,2805544584
3914,1.75299,235,0,0,0,68.905,1139,8189,0,0,1947,0,12.9476,648777,-1781358511,1,0,1,2793389438
3634,1.62772,249,0,0,0,83.909,1140,8189,0,0,1713,0,3.64224,650490,1008761157,1,0,1,2790119668
3931,1.7607,324,0,0,0,75.569,1141,8191,0,0,1469,0,7.46458,651959,-495999825,1,0,1,2790206314
3820,1.71106,303,0,0,0,98.096,1143,8191,0,0,1819,0,4.89126,653778,-1990936699,1,0,1,2800030422
4077,1.8261,260,0,0,0,54.835,1145,8187,0,0,2015,0,30.5334,655793,807284405,1,0,1,2798221104
3911,1.7518,189,0,0,0,69.107,1146,8189,0,0,1906,0,9.4631,657699,-696138191,1,0,1,2791544700
3921,1.75632,100,0,0,0,32.49,1148,8187,0,0,1979,0,11.975,659678,2100684047,1,0,1,2796822238
3770,1.68861,235,0,0,0,30.724,1150,8189,0,0,1820,0,50.5676,661498,595794153,1,0,1,2790077402
3886,1.74057,226,0,0,0,64.438,1151,8189,0,0,1949,0,6.73658,663447,-900910445,1,0,1,2798262698
3798,1.70107,298,0,0,0,85.716,1153,8189,0,0,1826,0,34.35,665273,1889001743,1,0,1,2789912188
3732,1.6716,172,0,0,0,66.493,1155,8187,0,0,1924,0,7.35974,667197,373323169,1,0,1,2779288722
3900,1.74679,243,0,0,0,37.928,1156,8183,0,0,1916,0,4.9056,669113,-1166335965,1,0,1,2755308162
3861,1.72931,261,0,0,0,94.087,1158,8191,0,0,1898,0,7.51878,671011,1674661847,1,0,1,2840997812
3995,1.78948,334,0,0,0,86.791,1160,8189,0,0,1937,0,70.2616,672948,175895819,1,0,1,2796201268
3682,1.64916,187,0,0,0,53.32,1161,8189,0,0,1846,0,38.4156,674794,-1321852605,1,0,1,2797218872
3938,1.76378,329,0,0,0,71.452,1163,8187,0,0,1820,0,6.16045,676614,1463177307,1,0,1,2785029912
4103,1.8375,779,0,0,0,208.543,1164,8189,0,0,1542,0,30.5706,678156,-33959272,1,0,1,2797830717
4012,1.79689,204,0,0,0,23.421,1166,8189,0,0,1849,0,7.37274,680005,-1540112375,1,0,1,2788814193
4104,1.8382,149,0,0,0,32.16,1167,8189,0,0,2080,0,50.271,682085,1259674111,1,0,1,2799786486
4064,1.82031,417,0,0,0,53.134,1169,8183,0,0,1846,0,4.93875,683931,-231701945,1,0,1,2803591240
3885,1.74017,156,0,0,0,47.494,1171,8189,0,0,2020,0,23.4967,685951,-1735716533,1,0,1,2790952708
3623,1.62276,283,0,0,0,80.909,1172,8189,0,0,1752,0,28.2894,687703,1045945119,1,0,1,2781661652
4008,1.79482,277,0,0,0,57.314,1174,8191,0,0,2009,0,8.79558,689712,-436474971,1,0,1,2812547206
4073,1.82353,166,0,0,0,26.477,1176,8187,0,0,2041,0,103.002,691753,-1952651007,1,0,1,2778791260
3713,1.66298,276,0,0,0,68.154,1177,8187,0,0,1804,0,22.5864,693557,853439567,1,0,1,2806090574
3838,1.71906,125,0,0,0,50.243,1179,8187,0,0,1997,0,13.9767,695554,-642976435,1,0,1,2798551294
3841,1.72046,186,0,0,0,35.605,1181,8181,0,0,1892,0,54.3039,697446,2138814199,1,0,1,2781790634
4029,1.80444,150,0,0,0,34.78,1182,8189,0,0,2036,0,15.331,699482,640546809,1,0,1,2796699906
3780,1.69312,260,0,0,0,78.123,1184,8173,0,0,1731,0,11.3505,701213,-855880261,1,0,1,2798540226
3886,1.74055,163,0,0,0,32.027,1185,8183,0,0,1994,0,16.167,703207,1929511587,1,0,1,2785391848
3810,1.70656,397,0,0,0,105.747,1187,8183,0,0,1696,0,42.9296,704903,428668407,1,0,1,2794124116
3815,1.70727,377,0,0,0,105.547,1188,8189,0,0,1813,0,35.4444,706716,-1064852969,1,0,1,2801445920
3930,1.76011,328,0,0,0,87.635,1190,8191,0,0,1832,0,19.7644,708548,1726848531,1,0,1,2791701500
3766,1.68655,326,0,0,0,71.183,1191,8189,0,0,1876,0,43.6303,710424,223569771,1,0,1,2791688536
3925,1.75807,199,0,0,0,47.686,1193,8191,0,0,2030,0,73.6893,712454,-1274876707,1,0,1,2796520818
3998,1.79041,355,0,0,0,73.61,1195,8187,0,0,1923,0,60.6659,714377,1530975403,1,0,1,2805852110
3811,1.70702,234,0,0,0,68.016,1196,8189,0,0,1842,0,2.33811,716219,29122923,1,0,1,2793114816
4017,1.79924,408,0,0,0,78.558,1198,8187,0,0,1923,0,33.4938,718142,-1494343963,1,0,1,2771500410
3774,1.69046,362,0,0,0,43.878,1200,8187,0,0,1913,0,10.4366,720055,1322233955,1,0,1,2816577918
3822,1.71189,260,0,0,0,58.071,1201,8187,0,0,1530,0,12.8527,721585,-187385069,1,0,1,2785348272
4054,1.81573,326,0,0,0,115.343,1202,8187,0,0,1512,0,48.5569,723097,-1687833491,1,0,1,2794518874
3930,1.75991,317,0,0,0,57.375,1204,8187,0,0,1972,0,37.7467,725069,1115310713,1,0,1,2803144204
3969,1.77778,150,0,0,0,44.288,1205,8189,0,0,2070,0,29.7033,727139,-394346811,1,0,1,2785309772
3780,1.69306,245,0,0,0,67.278,1207,8189,0,0,1847,0,13.3262,728986,-1896360461,1,0,1,2792953646
4063,1.81992,184,0,0,0,32.353,1209,8189,0,0,2066,0,36.2477,731052,907740559,1,0,1,2804101020
3918,1.755,171,0,0,0,40.341,1210,8189,0,0,1752,0,88.9939,732804,-590871217,1,0,1,2796355520
3693,1.65411,161,0,0,0,88.975,1212,8189,0,0,1854,0,112.841,734658,-2091688165,1,0,1,2794150348
4203,1.88256,303,0,0,0,71.367,1213,8189,0,0,1574,0,31.7852,736232,698329013,1,0,1,2790017178
3749,1.67922,376,0,0,0,113.403,1214,8189,0,0,1648,0,6.09056,737880,-803394207,1,0,1,2793244076
3964,1.77556,372,0,0,0,30.13,1216,8187,0,0,1861,0,3.46035,739741,1966194293,1,0,1,2769588500
4021,1.80112,269,0,0,0,63.608,1217,8189,0,0,1973,0,28.694,741714,481145129,1,0,1,2809918132
3979,1.78225,493,0,0,0,109.058,1219,8191,0,0,1786,0,79.1455,743500,-1013586981,1,0,1,2800235186
3907,1.75003,320,0,0,0,97.725,1220,8191,0,0,1718,0,36.422,745218,1787555027,1,0,1,2801142008
3984,1.78448,270,0,0,0,68.512,1222,8189,0,0,2018,0,8.92147,747236,283473213,1,0,1,2790885482
3909,1.75091,313,0,0,0,55.91,1224,8185,0,0,1885,0,15.1599,749121,-1214066611,1,0,1,2797427472
3911,1.75163,229,0,0,0,70.788,1225,8189,0,0,1884,0,41.1318,751005,1559861147,1,0,1,2773927758
4175,1.86973,309,0,0,0,87.516,1226,8191,0,0,1622,0,5.42618,752627,72221965,1,0,1,2807328114
3882,1.73876,302,0,0,0,84.989,1228,8189,0,0,1946,0,81.889,754573,-1421055457,1,0,1,2801689874
3697,1.65501,344,0,0,0,84.266,1229,8189,0,0,1830,0,6.5968,756403,1374274395,1,0,1,2795329852
3919,1.75543,233,0,0,0,39.93,1231,8189,0,0,2003,0,5.42304,758406,-139143769,1,0,1,2781549132
3880,1.73795,197,0,0,0,57.001,1233,8191,0,0,1946,0,41.6631,760352,-1627285195,1,0,1,2806825870
3579,1.60312,271,0,0,0,87.756,1234,8187,0,0,1754,0,11.738,762106,1134343708,1,0,1,2761628903
4004,1.79359,446,0,0,0,63.308,1236,8189,0,0,1897,0,6.35533,764003,-351634907,1,0,1,2808988681
4077,1.82619,499,0,0,0,38.733,1237,8159,0,0,1902,0,17.1602,765905,-1844479821,1,0,1,2802122382
4095,1.8341,475,0,0,0,130.419,1238,8189,0,0,1628,0,11.738,767533,910953269,1,0,1,2755433090
3964,1.77552,434,0,0,0,83.534,1240,8185,0,0,1935,0,6.35757,769468,-566401901,1,0,1,2817612126
3761,1.68465,327,0,0,0,60.771,1242,8185,0,0,1875,0,5.2537,771343,-2072332611,1,0,1,2789036586
3900,1.74674,430,0,0,0,75.251,1243,8189,0,0,1764,0,100.254,773107,722419209,1,0,1,2794751820
3853,1.72584,397,0,0,0,49.421,1244,8189,0,0,1788,0,50.9649,774895,-762188955,1,0,1,2810359132
3914,1.75313,209,0,0,0,47.069,1246,8189,0,0,1913,0,54.3971,776808,2031156005,1,0,1,2793344960
3690,1.6528,136,0,0,0,42.659,1247,8173,0,0,1883,0,2.75475,778691,511495271,1,0,1,2775306562
4116,1.84363,210,0,0,0,62.423,1249,8191,0,0,2022,0,29.801,780713,-993605995,1,0,1,2789866030
3962,1.77469,443,0,0,0,63.114,1251,8185,0,0,1841,0,39.7573,782554,1810624667,1,0,1,2804230662
3600,1.61255,161,0,0,0,45.081,1252,8189,0,0,1832,0,16.9581,784386,319285861,1,0,1,2803628490
3976,1.78095,307,0,0,0,120.541,1253,8189,0,0,1507,0,10.127,785893,-1168228325,1,0,1,2807453110
4050,1.81397,208,0,0,0,49.296,1255,8191,0,0,2076,0,3.71974,787969,1607321053,1,0,1,2775549378
3862,1.72981,298,0,0,0,73.976,1256,8191,0,0,1869,0,64.572,789838,122978077,1,0,1,2810624320
3896,1.74503,479,0,0,0,76.565,1258,8189,0,0,1861,0,32.7282,791699,-1388940839,1,0,1,2783048380
4365,1.95516,330,0,0,0,76.757,1259,8191,0,0,1382,0,86.4797,793081,1420316479,1,0,1,2809257318
3958,1.77286,210,0,0,0,16.756,1260,8189,0,0,1937,0,25.7053,795018,-106474427,1,0,1,2768176390
4025,1.80281,288,0,0,0,93.006,1262,8189,0,0,1838,0,11.7255,796856,-1601568521,1,0,1,2799873202
3917,1.75444,239,0,0,0,54.272,1263,8189,0,0,1944,0,5.63181,798800,1202031901,1,0,1,2803600422
4035,1.8073,332,0,0,0,56.731,1265,8189,0,0,1921,0,25.0472,800721,-294401307,1,0,1,2798534088
4442,1.98948,834,0,0,0,138.561,1266,8189,0,0,1702,0,5.49741,802423,-1790062443,1,0,1,2799306160
3972,1.77915,268,0,0,0,75.965,1268,8187,0,0,1729,0,10.7883,804152,1005906061,1,0,1,2795968504
3790,1.69755,390,0,0,0,85.89,1269,8189,0,0,1823,0,53.9043,805975,-499829377,1,0,1,2789231858
4282,1.91783,761,0,0,0,121.579,1271,8191,0,0,1957,0,13.8974,807932,-2032999117,1,0,1,2761797556
3919,1.75542,352,0,0,0,56.889,1272,8187,0,0,2094,0,39.1297,810026,788592229,1,0,1,2821591346
3753,1.681,205,0,0,0,47.646,1274,8187,0,0,1794,0,12.1856,811820,-719845699,1,0,1,2786529368
3942,1.76568,291,0,0,0,95.617,1275,8187,0,0,1757,0,32.7694,813577,2091893483,1,0,1,2811739182
3872,1.73428,358,0,0,0,64.03,1277,8189,0,0,1905,0,14.3611,815482,588157203,1,0,1,2791231016
4040,1.80961,168,0,0,0,39.914,1278,8187,0,0,2089,0,80.3873,817571,-916643147,1,0,1,2790166946
3892,1.7433,186,0,0,0,60.294,1280,8185,0,0,1923,0,69.0794,819494,1848838439,1,0,1,2765481586
3860,1.72895,240,0,0,0,62.67,1281,8189,0,0,1817,0,4.3559,821311,366872355,1,0,1,2813001212
4252,1.90434,464,0,0,0,114.812,1282,8189,0,0,1402,0,8.13792,822713,-1145045343,1,0,1,2783049598
3984,1.78447,213,0,0,0,56.632,1284,8189,0,0,1824,0,36.495,824537,1676162081,1,0,1,2821207424
4044,1.81132,286,0,0,0,46.015,1285,8185,0,0,1686,0,10.4604,826223,167281067,1,0,1,2786086282
3877,1.7366,244,0,0,0,92.761,1286,8187,0,0,1866,0,31.761,828089,-1325454615,1,0,1,2802231614
3938,1.76381,382,0,0,0,95.844,1288,8191,0,0,1657,0,23.0971,829746,1448545341,1,0,1,2773999956
3941,1.76519,195,0,0,0,42.332,1289,8189,0,0,2038,0,69.4794,831784,-40521820,1,0,1,2805900135
3742,1.67606,324,0,0,0,102.248,1291,8185,0,0,1783,0,19.4378,833567,-1537756657,1,0,1,2797732459
3943,1.76613,173,0,0,0,41.343,1292,8191,0,0,1915,0,4.17402,835482,1244465759,1,0,1,2782222416
3941,1.76529,222,0,0,0,40.068,1294,8189,0,0,1946,0,4.18522,837428,-239471421,1,0,1,2811030116
3906,1.74959,202,0,0,0,42.739,1295,8189,0,0,1968,0,4.03603,839396,-1744051607,1,0,1,2790387110
3867,1.73209,221,0,0,0,28.487,1297,8189,0,0,1928,0,8.7351,841324,1052404111,1,0,1,2796455718
3877,1.73645,325,0,0,0,83.297,1298,8187,0,0,1799,0,158.432,843123,-459818616,1,0,1,2782744569
3948,1.76838,251,0,0,0,61.513,1300,8189,0,0,2005,0,112.063,845128,-1958239645,1,0,1,2796546267
3966,1.77638,148,0,0,0,51.437,1301,8191,0,0,1866,0,104.948,846994,821077791,1,0,1,2779317436
4122,1.84631,269,0,0,0,74.715,1302,8191,0,0,1755,0,6.16672,848749,-656205531,1,0,1,2817683974
3794,1.6994,237,0,0,0,72.125,1304,8189,0,0,1916,0,34.2406,850665,2139404293,1,0,1,2795609824
4023,1.8019,488,0,0,0,115.647,1305,8189,0,0,1808,0,25.489,852473,609321035,1,0,1,2764884038
3950,1.76864,405,0,0,0,76.933,1307,8189,0,0,1829,0,18.3201,854302,-861245969,1,0,1,2824400292
4195,1.87875,608,0,0,0,77.429,1308,8187,0,0,1956,0,111.315,856258,1929639345,1,0,1,2790885314
4265,1.91036,342,0,0,0,76.418,1310,8191,0,0,1817,0,33.3921,858075,432306581,1,0,1,2797634532
3883,1.73918,203,0,0,0,55.557,1311,8189,0,0,1980,0,46.359,860055,-1080518630,1,0,1,2782142085
4084,1.82929,357,0,0,0,101.426,1312,8189,0,0,1886,0,12.6417,861941,1721372484,1,0,1,2801891114
4007,1.79481,264,0,0,0,63.019,1314,8189,0,0,1988,0,15.4757,863929,224094401,1,0,1,2797689213
3962,1.77462,391,0,0,0,76.3,1315,8189,0,0,1796,0,18.7076,865725,-1276259703,1,0,1,2794613192
3920,1.75562,231,0,0,0,43.368,1317,8189,0,0,1979,0,2.71533,867704,1512168723,1,0,1,2788428426
3853,1.72567,159,0,0,0,41.638,1318,8189,0,0,1966,0,9.83629,869670,6813674,1,0,1,2789612247
3974,1.77998,302,0,0,0,93.097,1320,8189,0,0,1895,0,7.81984,871565,-1483605913,1,0,1,2804547709
3979,1.78221,289,0,0,0,65.084,1321,8189,0,0,1997,0,4.60141,873562,1296073997,1,0,1,2779679910
4105,1.83864,273,0,0,0,90.053,1323,8185,0,0,1761,0,24.2619,875323,-208739807,1,0,1,2790153492
3911,1.75089,318,0,0,0,84.508,1324,8189,0,0,1935,0,6.80154,877258,-1690024371,1,0,1,2813682732
4094,1.83357,226,0,0,0,55.332,1326,8189,0,0,2022,0,7.00806,879280,1104550265,1,0,1,2794574636
4138,1.85332,292,0,0,0,65.055,1327,8189,0,0,2037,0,18.3017,881317,-413395763,1,0,1,2777021268
4521,2.02479,193,0,0,0,18.072,1329,8189,0,0,2042,0,142.084,883359,-1909876165,1,0,1,2798486894
3891,1.74279,272,0,0,0,108.519,1330,8189,0,0,1911,0,9.07827,885270,878776179,1,0,1,2788652344
4370,1.95739,95,0,0,0,44.909,1332,8189,0,0,2092,0,10.9836,887362,-603395413,1,0,1,2812795704
4191,1.8772,372,0,0,0,73.702,1333,8189,0,0,1937,0,56.2536,889299,-2110995259,1,0,1,2787367450
3777,1.69025,366,0,0,0,119.566,1335,8187,0,0,1818,0,98.9914,891117,686686873,1,0,1,2797682132
3999,1.79096,411,0,0,0,103.599,1336,8189,0,0,1980,0,36.7615,893097,-842943877,1,0,1,2765336546
4052,1.81486,207,0,0,0,51.187,1337,8187,0,0,1999,0,5.47098,895096,1985176215,1,0,1,2828120092
3822,1.71189,249,0,0,0,28.637,1339,8189,0,0,1886,0,38.9321,896982,483004691,1,0,1,2792795772
3864,1.73077,270,0,0,0,76.238,1340,8189,0,0,1924,0,5.60314,898906,-1030173081,1,0,1,2781789524
4184,1.87407,689,0,0,0,89.908,1342,8189,0,0,1807,0,9.09754,900713,1734893330,1,0,1,2765066411


