SendPacket,SendRate(Mb/s),FlightSize,ReceiveRate(Mb/s),Send Loss,Recv Loss,RTT(ms),CWnd,FlowWindow,Retrans,PktSndPeriod(us),RecvACK,RecvNAK,EstimatedBandwidth(Mb/s),Retrans_Total,NAK_TotalRecv,Total Send Loss,Total Recv Loss
943,1.47344,222,0,2,0,105.843,302,8189,2,0,300,2,1.96442,2,2,2,0
1501,2.47296,163,0,5,0,116.778,809,8189,5,0,507,5,3.82501,7,7,7,0
1432,2.35935,142,0,8,0,79.244,1246,8085,8,0,437,8,3.98322,15,15,15,0
1496,2.46498,131,0,5,0,92.127,1611,8189,5,0,365,5,3.97168,20,20,20,0
1493,2.45993,205,0,3,0,141.207,2118,8189,3,0,507,3,3.72118,23,23,23,0
1427,2.35108,149,0,3,0,87.091,2611,8191,3,0,493,3,3.7492,26,26,26,0
1420,2.33977,164,0,3,0,82.628,3112,8189,3,0,501,3,9.33922,29,29,29,0
1392,2.29346,234,0,6,0,110.132,3468,8187,6,0,356,6,3.8316,35,35,35,0
1497,2.46656,152,0,4,0,63.1,3866,8189,4,0,398,4,3.42949,39,39,39,0
1385,2.28193,155,0,5,0,120.334,4140,8189,5,0,274,5,5.34117,44,44,44,0
1312,2.16164,201,0,2,0,151.37,4689,8189,2,0,549,2,10.3066,46,46,46,0
1471,2.42359,130,0,4,0,117.62,5091,8189,4,0,402,4,4.53694,50,50,50,0
1351,2.22605,510,0,1,0,263.442,5511,8187,1,0,420,1,8.83987,51,51,51,0
1471,2.4238,166,0,3,0,140.464,6085,8189,3,0,574,3,3.52178,54,54,54,0
1468,2.41876,228,0,3,0,141.744,6610,8189,3,0,525,3,17.3172,57,57,57,0
1404,2.31331,177,0,4,0,100.701,7126,8191,4,0,516,4,3.5053,61,61,61,0
1412,2.32652,163,0,4,0,110.051,7511,8189,4,0,385,4,4.20899,65,65,65,0
1521,2.50613,213,0,6,0,174.351,7810,8191,6,0,299,6,4.20075,71,71,71,0
1387,2.28526,143,0,5,0,133.193,8188,8187,5,0,378,5,3.80029,76,76,76,0
1313,2.16329,114,0,2,0,84.498,8795,8189,2,0,607,2,4.79733,78,78,78,0
1442,2.37585,93,0,5,0,97.425,9124,8189,5,0,329,5,4.00299,83,83,83,0
1497,2.46647,132,0,5,0,147.07,9491,8189,5,0,367,5,3.70965,88,88,88,0
1306,2.15175,198,0,5,0,84.123,9819,8190,5,0,328,5,3.55474,93,93,93,0
1391,2.29176,148,0,5,0,78.518,10167,8189,5,0,348,5,3.15098,98,98,98,0
1662,2.73852,135,0,4,0,91.852,10618,8191,4,0,451,4,3.80688,102,102,102,0
1386,2.28357,181,0,4,0,100.706,11056,8189,4,0,438,4,4.09528,106,106,106,0
1411,2.32486,481,0,3,0,96.853,11447,8189,3,0,391,3,3.38499,109,109,109,0
1519,2.50278,146,0,5,0,158.566,11849,8187,5,0,402,5,3.31742,114,114,114,0
1487,2.45007,168,0,3,0,130.167,12345,8189,3,0,496,3,3.42949,117,117,117,0
1414,2.32991,181,0,2,0,119.26,12919,8189,2,0,574,2,3.7904,119,119,119,0
1516,2.49778,491,0,2,0,144.359,13363,8189,2,0,444,2,3.12955,121,121,121,0
1401,2.30828,178,0,3,0,115.675,13828,8187,3,0,465,3,5.28184,124,124,124,0
1322,2.1781,485,0,1,0,109.948,14269,8189,1,0,441,1,4.08374,125,125,125,0
1554,2.56047,196,0,7,0,93.996,14601,8191,7,0,332,7,5.29667,132,132,132,0
1480,2.43864,118,0,2,0,121.418,15102,8189,2,0,501,2,4.22382,134,134,134,0
1511,2.48949,323,0,3,0,144.898,15634,8187,3,0,532,3,4.40346,137,137,137,0
1405,2.31487,134,0,6,0,92.3,15981,8191,6,0,347,6,3.70141,143,143,143,0
1394,2.29673,267,0,2,0,114.702,16536,8189,2,0,555,2,3.22514,145,145,145,0
1403,2.31162,205,0,4,0,114.876,16888,8191,4,0,352,4,2.91531,149,149,149,0
1578,2.59995,370,0,1,0,180.537,17460,8189,1,0,572,1,7.15726,150,150,150,0
1335,2.1995,217,0,3,0,119.678,17997,8189,3,0,537,3,18.0093,153,153,153,0
1454,2.39566,181,0,5,0,139.749,18430,8189,5,0,433,5,5.37413,158,158,158,0
1436,2.36594,112,0,5,0,144.849,18936,8189,5,0,506,5,4.83523,163,163,163,0
1482,2.44173,183,0,4,0,63.239,19452,8189,4,0,516,4,4.51058,167,167,167,0
1456,2.39894,120,0,3,0,120.069,19893,8189,3,0,441,3,7.65331,170,170,170,0
1522,2.50762,1065,0,1,0,211.135,20168,8191,1,0,275,1,4.43971,171,171,171,0
967,1.5932,256,0,1118,0,76.438,256,8191,163,0,254,1,3.6256,334,172,1289,0
1488,2.4517,277,0,1,0,80.482,558,8189,1,0,561,1,4.27326,335,173,1290,0
1402,2.31014,129,0,4,0,145.828,559,8189,4,0,428,4,4.20734,339,177,1294,0
1601,2.63774,533,0,2,0,229.887,561,8189,2,0,507,2,5.3115,341,179,1296,0
1452,2.39243,367,0,3,0,179.252,565,8190,3,0,526,3,3.73766,344,182,1299,0
1430,2.35625,179,0,3,0,115.889,571,8189,3,0,428,3,4.64077,347,185,1302,0
1419,2.33806,288,0,2,0,146.272,583,8189,2,0,475,2,3.28611,349,187,1304,0
1619,2.66743,435,0,2,0,102.89,607,8189,2,0,550,2,6.70571,351,189,1306,0
1462,2.40882,203,0,2,0,119.314,634,8189,2,0,528,2,5.09562,353,191,1308,0
1464,2.41197,101,0,3,0,92.627,659,8189,3,0,501,3,3.54814,356,194,1311,0
1371,2.25885,182,0,3,0,128.839,679,8189,3,0,438,3,2.97134,359,197,1314,0
1367,2.25224,190,0,5,0,154.176,702,8189,5,0,497,5,3.52178,364,202,1319,0
1988,3.27537,532,0,1,0,146.144,732,8167,1,0,669,1,5.95093,365,203,1320,0
1501,2.4731,190,0,1,0,181.682,763,8191,1,0,707,1,24.7563,366,204,1321,0
1564,2.57708,124,0,3,0,94.997,782,8187,3,0,466,3,7.79834,369,207,1324,0
1383,2.27861,230,0,2,0,177.864,799,8189,2,0,423,2,7.58245,371,209,1326,0
1370,2.25731,240,0,3,0,160.241,813,8191,3,0,363,3,10.8142,374,212,1329,0
1470,2.42208,331,0,2,0,219.768,833,8189,2,0,495,2,4.78579,376,214,1331,0
1472,2.42522,228,0,2,0,139.151,854,8189,2,0,555,2,3.6668,378,216,1333,0
1541,2.53893,727,0,0,0,204.355,872,8191,0,0,496,0,4.48256,378,216,1333,0
835,1.37574,165,0,872,0,76.844,218,8189,105,0,216,0,3.59758,483,216,2205,0
1568,2.58355,333,0,4,0,125.882,436,8187,4,0,481,4,3.27458,487,220,2209,0
1452,2.39245,221,0,2,0,105.007,439,8189,2,0,639,2,3.4641,489,222,2211,0
1496,2.46499,218,0,3,0,101.481,442,8189,3,0,403,3,3.65691,492,225,2214,0
1453,2.3941,323,0,1,0,150.973,455,8189,1,0,578,1,10.8471,493,226,2215,0
1420,2.33955,179,0,4,0,142.216,470,8190,4,0,395,4,6.31843,497,230,2219,0
1425,2.3478,352,0,5,0,78.788,495,8191,5,0,374,5,5.58837,502,235,2224,0
1560,2.57021,262,0,5,0,129.179,514,8189,5,0,304,5,19.7678,507,240,2229,0
1513,2.493,88,0,5,0,76.378,542,8189,5,0,457,5,6.22285,512,245,2234,0
1389,2.2885,128,0,3,0,148.107,569,8189,3,0,477,3,8.10816,515,248,2237,0
1333,2.19629,216,0,9,0,87.979,585,8190,9,0,293,9,3.44267,524,257,2246,0
1410,2.3232,178,0,11,0,113.821,606,8181,11,0,381,11,3.9519,535,268,2257,0
1425,2.34781,203,0,3,0,74.951,634,8191,3,0,535,3,6.88699,538,271,2260,0
1416,2.33298,204,0,4,0,144.775,649,8189,4,0,307,4,4.92258,542,275,2264,0
1390,2.29015,154,0,6,0,94.763,665,8189,6,0,336,6,4.52541,548,281,2270,0
1404,2.31339,337,0,1,0,106.61,690,8189,1,0,516,1,6.18989,549,282,2271,0
1474,2.42853,362,0,4,0,127.163,708,8189,4,0,405,4,2.80654,553,286,2275,0
1372,2.26045,226,0,2,0,140.369,728,8189,2,0,456,2,3.49541,555,288,2277,0
1357,2.23567,223,0,3,0,69.908,749,8191,3,0,477,3,17.3996,558,291,2280,0
1415,2.3315,288,0,4,0,92.783,765,8189,4,0,380,4,4.23206,562,295,2284,0
1490,2.45511,201,0,3,0,89.497,784,8187,3,0,460,3,3.1757,565,298,2287,0
1518,2.50118,607,0,4,0,178.772,801,8191,4,0,428,4,4.07056,569,302,2291,0
1451,2.39074,88,0,2,0,119.601,820,8189,2,0,479,2,4.55672,571,304,2293,0
1477,2.43364,109,0,321,0,63.068,130,8187,199,0,393,5,9.50072,770,309,2614,0
1312,2.16156,89,0,3,0,74.317,165,8189,3,0,515,3,34.7843,773,312,2617,0
1400,2.30663,126,0,4,0,97.843,218,8189,4,0,540,4,12.1112,777,316,2621,0
1536,2.53092,152,0,7,0,80.599,271,8189,7,0,406,7,4.5353,784,323,2628,0
1347,2.21945,196,0,3,0,164.142,321,7962,3,0,457,3,4.69186,787,326,2631,0
1471,2.42357,138,0,3,0,132.669,368,8191,3,0,505,3,3.80853,790,329,2634,0
1458,2.40217,179,0,2,0,161.809,414,8191,2,0,568,2,3.7492,792,331,2636,0
1415,2.33133,249,0,3,0,199.3,439,8189,3,0,334,3,3.72778,795,334,2639,0
1421,2.34121,248,0,2,0,131.261,474,8187,2,0,493,2,3.16746,797,336,2641,0
1464,2.41206,189,0,6,0,104.984,498,8190,6,0,376,6,3.65197,803,342,2647,0
1405,2.31483,128,0,2,0,154.041,529,8189,2,0,489,2,2.884,805,344,2649,0
1474,2.42642,136,0,4,0,103.504,555,8189,4,0,436,4,3.50859,809,348,2653,0
1430,2.35613,249,0,4,0,121.365,582,8189,4,0,479,4,8.79867,813,352,2657,0
1540,2.53728,318,0,3,0,260.414,602,8189,3,0,373,3,4.25019,816,355,2660,0
1306,2.1517,160,0,6,0,111.298,626,8189,6,0,472,6,7.5841,822,361,2666,0
1517,2.4995,208,0,5,0,137.269,644,8189,5,0,357,5,6.02674,827,366,2671,0
1484,2.44502,186,0,6,0,79.457,667,8189,6,0,468,6,21.6069,833,372,2677,0
1437,2.36757,257,0,3,0,141.234,688,8187,3,0,452,3,3.74096,836,375,2680,0
1410,2.32309,124,0,2,0,142.608,716,8189,2,0,614,2,13.0802,838,377,2682,0
1729,2.8488,356,0,2,0,130.759,737,8187,2,0,475,2,3.52013,840,379,2684,0
1388,2.28698,140,0,2,0,169.573,760,8189,2,0,539,2,6.06794,842,381,2686,0
2101,3.46156,215,0,42,0,106.579,786,8187,42,0,634,2,58.3376,884,383,2728,0
1382,2.27684,160,0,6,0,65.386,802,8190,6,0,381,6,4.42653,890,389,2734,0
1582,2.60595,223,0,2,0,114.075,823,8191,2,0,526,2,5.11374,892,391,2736,0
1870,3.081,170,0,5,0,157.062,834,8189,5,0,296,5,91.8183,897,396,2741,0
1403,2.31164,178,0,2,0,105.428,855,8189,2,0,543,2,6.27064,899,398,2743,0
2612,4.30344,622,0,0,0,260.534,885,8189,0,0,823,0,26.5394,899,398,2743,0
1451,2.39078,572,0,0,0,286.283,905,8189,0,0,556,0,4.90939,899,398,2743,0
1309,2.15672,4,0,912,0,288.669,4,8191,396,0,197,0,40.8473,1295,398,3655,0
1062,1.74972,306,0,1,0,128.85,323,8191,1,0,319,1,79.9939,1296,399,3656,0
1352,2.22753,138,0,2,0,131.32,457,8189,2,0,603,2,3.75909,1298,401,3658,0
1381,2.27531,100,0,7,0,130.959,458,8010,7,0,393,7,3.55144,1305,408,3665,0
1471,2.4236,137,0,4,0,98.126,462,8189,4,0,429,4,4.22712,1309,412,3669,0
1463,2.40959,272,0,4,0,85.981,467,8189,4,0,372,4,3.08835,1313,416,3673,0
1430,2.35622,128,0,3,0,82.195,477,8189,3,0,366,3,3.70306,1316,419,3676,0
1480,2.43843,500,0,0,0,256.252,500,8185,0,0,509,0,30.7385,1316,419,3676,0
563,0.92759,97,0,500,0,86.701,185,8189,105,0,184,0,5.16648,1421,419,4176,0
1434,2.3628,184,0,4,0,171.225,251,8189,4,0,410,4,4.14142,1425,423,4180,0
1435,2.3643,143,0,4,0,102.727,259,8189,4,0,493,4,5.73998,1429,427,4184,0
1353,2.22937,213,0,4,0,78.041,282,8189,4,0,472,4,3.88598,1433,431,4188,0
1360,2.24072,129,0,4,0,65.788,332,8187,4,0,484,4,4.64736,1437,435,4192,0
1496,2.4649,201,0,3,0,146.461,363,8189,3,0,334,3,3.28282,1440,438,4195,0
1424,2.34616,248,0,0,0,157.53,420,8189,0,0,694,0,4.71328,1440,438,4195,0
1382,2.27548,175,0,4,0,120.559,453,8189,4,0,454,4,3.5053,1444,442,4199,0
1430,2.35601,221,0,7,0,80.431,477,8189,7,0,343,7,3.71954,1451,449,4206,0
1386,2.28355,387,0,3,0,127.869,505,8190,3,0,439,3,3.28611,1454,452,4209,0
1537,2.53243,168,0,5,0,97.409,527,8189,5,0,359,5,3.88434,1459,457,4214,0
1263,2.08098,147,0,5,0,97.244,547,8191,5,0,336,5,4.07715,1464,462,4219,0
1425,2.34779,187,0,5,0,81.62,572,8189,5,0,438,5,4.30293,1469,467,4224,0
1470,2.42196,123,0,6,0,85.129,587,8187,6,0,273,6,5.36424,1475,473,4230,0
1427,2.35108,241,0,7,0,80.748,603,8189,7,0,283,7,7.13584,1482,480,4237,0
1418,2.33628,257,0,7,0,84.674,623,8088,7,0,381,7,140.995,1489,487,4244,0
1709,2.81596,394,0,5,0,111.989,639,8189,5,0,320,5,7.63189,1494,492,4249,0
1492,2.45821,170,0,3,0,85.348,664,8191,3,0,522,3,79.6396,1497,495,4252,0
1522,2.50783,114,0,2,0,146.296,690,8191,2,0,538,2,3.73107,1499,497,4254,0
1502,2.47466,280,0,5,0,94.454,710,8189,5,0,431,5,14.1646,1504,502,4259,0
1436,2.36609,388,0,4,0,85.58,729,8189,4,0,443,4,3.88269,1508,506,4263,0
1443,2.3776,157,0,6,0,142.261,747,8189,6,0,415,6,4.68032,1514,512,4269,0
1888,3.11081,261,0,4,0,116.11,765,8189,4,0,414,4,51.8922,1518,516,4273,0
1394,2.29684,245,0,3,0,124.143,782,8163,3,0,422,3,5.61803,1521,519,4276,0
1439,2.37105,217,0,3,0,121.579,802,8189,3,0,490,3,3.15922,1524,522,4279,0
1358,2.23758,220,0,2,0,118.332,822,8189,2,0,507,2,3.86786,1526,524,4281,0
1813,2.98729,353,0,4,0,131.352,837,8187,4,0,383,4,59.1253,1530,528,4285,0
1635,2.69392,346,0,4,0,284.851,852,8189,4,0,392,4,66.7259,1534,532,4289,0
1406,2.3167,388,0,2,0,232.568,870,8189,2,0,489,2,4.47267,1536,534,4291,0
1467,2.41708,271,0,4,0,171.425,888,8189,4,0,492,4,4.22218,1540,538,4295,0
1459,2.40385,188,0,4,0,104.781,901,8189,4,0,377,4,3.27622,1544,542,4299,0
1491,2.45652,224,0,3,0,148.898,916,8189,3,0,432,3,4.92422,1547,545,4302,0
1447,2.38403,282,0,4,0,86.852,933,8190,4,0,493,4,3.21854,1551,549,4306,0
1427,2.3511,219,0,3,0,110.242,951,8190,3,0,524,3,3.2515,1554,552,4309,0
1442,2.37582,188,0,3,0,147.679,966,8190,3,0,443,3,3.43608,1557,555,4312,0
1418,2.33628,329,0,6,0,82.996,975,8189,6,0,276,6,3.0867,1563,561,4318,0
1352,2.22763,175,0,0,0,76.666,996,8189,0,0,654,0,3.91894,1563,561,4318,0
1457,2.40068,178,0,3,0,244.172,1011,8189,3,0,458,3,3.91235,1566,564,4321,0
1356,2.2343,209,0,5,0,79.319,1024,8189,5,0,428,5,4.10846,1571,569,4326,0
1434,2.36282,234,0,3,0,160.013,1037,8191,3,0,424,3,5.41533,1574,572,4329,0
1423,2.34469,200,0,3,0,142.792,1052,8185,3,0,486,3,3.53661,1577,575,4332,0
1478,2.43518,153,0,3,0,126.9,1064,8189,3,0,386,3,6.76174,1580,578,4335,0
1747,2.8783,452,0,2,0,135.418,1077,7700,2,0,427,2,5.47301,1582,580,4337,0
1284,2.11548,254,0,1,0,95.195,1093,8190,1,0,537,1,16.2147,1583,581,4338,0
1276,2.1023,1099,0,1,0,185.346,1099,8191,1,0,210,1,29.3575,1584,582,4339,0
1066,1.75632,195,0,1101,0,80.486,288,8191,107,0,286,2,4.74954,1691,584,5440,0
1519,2.5027,227,0,2,0,110.37,549,8189,2,0,442,2,4.67867,1693,586,5442,0
1471,2.42314,254,0,1,0,69.228,550,8191,1,0,615,1,6.24098,1694,587,5443,0
1491,2.45667,140,0,3,0,237.386,552,8187,3,0,373,3,4.84677,1697,590,5446,0
1579,2.60163,337,0,5,0,69.377,555,8191,5,0,404,5,4.68197,1702,595,5451,0
1469,2.42028,304,0,5,0,114.559,560,8190,5,0,404,5,3.88598,1707,600,5456,0
1437,2.36778,162,0,3,0,139.71,568,8189,3,0,418,3,3.81512,1710,603,5459,0
1265,2.08436,183,0,3,0,72.331,581,8187,3,0,422,3,3.38334,1713,606,5462,0
1500,2.47054,149,0,2,0,92.833,614,8189,2,0,623,2,3.43773,1715,608,5464,0
1957,3.22425,641,0,1,0,149.873,647,8189,1,0,644,1,5.84051,1716,609,5465,0
1416,2.33308,74,0,4,0,90.985,669,8189,4,0,460,4,3.57946,1720,613,5469,0
1502,2.47488,158,0,6,0,124.979,682,8189,6,0,271,6,3.96179,1726,619,5475,0
1420,2.33973,206,0,2,0,144.187,710,8190,2,0,601,2,4.48421,1728,621,5477,0
1396,2.3001,132,0,5,0,211.863,728,8189,5,0,412,5,3.73272,1733,626,5482,0
1469,2.42031,132,0,3,0,122.443,751,8189,3,0,520,3,3.49376,1736,629,5485,0
1724,2.84045,72,0,664,0,133.976,167,8190,421,0,468,2,3.90246,2157,631,6149,0
1485,2.44661,238,0,5,0,73.783,331,8189,5,0,404,5,3.64702,2162,636,6154,0
1313,2.16324,136,0,2,0,77.187,335,8063,2,0,511,2,3.74755,2164,638,6156,0
1561,2.57188,312,0,2,0,212.01,345,8189,2,0,586,2,7.69616,2166,640,6158,0
1362,2.24401,269,0,5,0,130.549,370,8189,5,0,459,5,4.16944,2171,645,6163,0
1328,2.18798,242,0,4,0,107.643,402,8189,4,0,389,4,12.7374,2175,649,6167,0
1513,2.49274,152,0,4,0,118.268,433,8189,4,0,410,4,4.82864,2179,653,6171,0
1493,2.46002,162,0,3,0,111.524,471,8190,3,0,531,3,6.72549,2182,656,6174,0
1424,2.34613,109,0,6,0,143.056,498,8189,6,0,408,6,4.76437,2188,662,6180,0
1321,2.17655,167,0,2,0,74.91,530,8189,2,0,510,2,3.87445,2190,664,6182,0
1417,2.33466,218,0,3,0,89.849,558,8189,3,0,482,3,10.2192,2193,667,6185,0
1360,2.24087,120,0,5,0,93.21,579,8189,5,0,367,5,26.3301,2198,672,6190,0
1358,2.23757,103,0,10,0,84.9,599,8189,10,0,368,10,58.7051,2208,682,6200,0
1516,2.49771,119,0,5,0,111.303,620,8185,5,0,400,5,20.6148,2213,687,6205,0
1411,2.32472,134,0,3,0,143.038,642,8057,3,0,435,3,6.69418,2216,690,6208,0
1524,2.51093,237,0,18,0,75.157,650,8191,18,0,164,18,3.57781,2234,708,6226,0
1629,2.68392,110,0,6,0,91.877,672,8189,6,0,461,6,8.04883,2240,714,6232,0
1614,2.65921,328,0,3,0,127.439,696,8187,3,0,519,3,3.87774,2243,717,6235,0
1463,2.41042,286,0,2,0,144.673,719,8190,2,0,498,2,3.77886,2245,719,6237,0
1513,2.49277,294,0,2,0,108.84,741,8189,2,0,504,2,5.33787,2247,721,6239,0
1560,2.57041,270,0,3,0,103.606,762,8187,3,0,490,3,4.68197,2250,724,6242,0
1368,2.25409,381,0,5,0,88.327,782,8190,5,0,480,5,9.65234,2255,729,6247,0
872,1.43676,119,0,489,0,65.151,202,8189,115,0,200,1,44.8371,2370,730,6736,0
1271,2.0941,116,0,2,0,108.34,246,8189,2,0,444,2,4.56331,2372,732,6738,0
1328,2.18799,142,0,3,0,82.668,252,8189,3,0,395,3,3.40971,2375,735,6741,0
1310,2.15831,217,0,3,0,157.026,272,8189,3,0,431,3,10.5785,2378,738,6744,0
1584,2.60976,124,0,3,0,68.815,333,8189,3,0,593,3,7.91699,2381,741,6747,0
1527,2.51596,129,0,4,0,97.039,376,8189,4,0,483,4,6.29866,2385,745,6751,0
1391,2.29196,127,0,5,0,157.631,407,8191,5,0,380,5,40.8786,2390,750,6756,0
1293,2.13049,181,0,2,0,150.233,445,8191,2,0,508,2,5.59002,2392,752,6758,0
1486,2.44843,187,0,4,0,98.692,471,8189,4,0,360,4,57.5828,2396,756,6762,0
1371,2.25891,136,0,8,0,110.318,495,8189,8,0,365,8,3.68987,2404,764,6770,0
1508,2.48455,204,0,4,0,104.801,523,8191,4,0,442,4,5.54222,2408,768,6774,0
1613,2.65772,132,0,4,0,188.89,542,8185,4,0,316,4,60.241,2412,772,6778,0
1482,2.44178,223,0,3,0,134.028,566,8189,3,0,428,3,10.8966,2415,775,6781,0
1248,2.05611,119,0,571,0,80.772,220,8056,192,0,236,5,2.70437,2607,780,7352,0
1471,2.42371,275,0,3,0,134.668,284,8189,3,0,418,3,6.72219,2610,783,7355,0
1501,2.47301,231,0,1,0,103.344,294,8189,1,0,657,1,4.95883,2611,784,7356,0
1453,2.39385,136,0,11,0,129.371,309,8190,11,0,361,11,5.2703,2622,795,7367,0
1388,2.28685,189,0,12,0,92.207,335,8187,12,0,309,12,5.40379,2634,807,7379,0
1433,2.36098,167,0,11,0,113.675,352,8189,11,0,182,11,84.872,2645,818,7390,0
1452,2.39236,171,0,4,0,213.463,386,8189,4,0,389,4,52.3125,2649,822,7394,0
1354,2.23104,125,0,6,0,125.49,416,8187,6,0,374,6,6.18824,2655,828,7400,0
1355,2.23247,123,0,1,0,130.178,459,8189,1,0,594,1,3.13614,2656,829,7401,0
1532,2.52422,358,0,3,0,151.061,489,8189,3,0,446,3,4.12989,2659,832,7404,0
1270,2.09244,180,0,2,0,158.284,519,8189,2,0,472,2,3.86126,2661,834,7406,0
1534,2.52757,179,0,2,0,99.747,554,8189,2,0,577,2,4.00464,2663,836,7408,0
1471,2.4236,224,0,7,0,125.071,577,8190,7,0,421,7,4.17438,2670,843,7415,0
1342,2.21105,119,0,4,0,97.35,597,8189,4,0,370,4,16.0647,2674,847,7419,0
1513,2.49295,143,0,4,0,94.602,621,8189,4,0,441,4,6.49312,2678,851,7423,0
1800,2.96592,299,0,0,0,320.925,652,8191,0,0,627,0,7.01718,2678,851,7423,0
1528,2.51768,160,0,5,0,141.807,673,8173,5,0,440,5,5.12198,2683,856,7428,0
1392,2.29338,110,0,6,0,79.009,692,8189,6,0,400,6,10.5933,2689,862,7434,0
1516,2.49786,170,0,6,0,305.873,707,8189,6,0,320,6,41.0846,2695,868,7440,0
1380,2.27369,112,0,7,0,206.208,725,8189,7,0,404,7,3.03067,2702,875,7447,0
1362,2.244,246,0,4,0,100.31,743,8190,4,0,408,4,4.38533,2706,879,7451,0
2186,3.6016,410,0,0,0,294.715,773,8189,0,0,730,0,23.7032,2706,879,7451,0
715,1.17802,10,0,777,0,215.994,10,8190,106,0,84,1,15.1896,2812,880,8228,0
1290,2.12537,161,0,2,0,123.365,388,8187,2,0,426,2,5.46477,2814,882,8230,0
1492,2.4582,113,0,5,0,112.148,389,8189,5,0,354,5,14.6672,2819,887,8235,0
1384,2.28035,117,0,1,0,128.542,392,8191,1,0,509,1,4.54518,2820,888,8236,0
1325,2.18308,190,0,2,0,96.502,399,8191,2,0,473,2,3.50694,2822,890,8238,0
1497,2.46633,211,0,3,0,125.595,412,8189,3,0,430,3,3.8316,2825,893,8241,0
1708,2.81407,446,0,2,0,201.391,448,8191,2,0,569,2,11.2278,2827,895,8243,0
1511,2.48973,425,0,1,0,149.498,482,8189,1,0,496,1,4.26173,2828,896,8244,0
1835,3.02358,523,0,1,0,169.934,523,8191,1,0,648,1,4.0821,2829,897,8245,0
1837,3.02676,156,0,1,0,239.578,571,8191,1,0,825,1,20.9263,2830,898,8246,0
1478,2.43511,112,0,4,0,129.812,596,8191,4,0,452,4,4.89786,2834,902,8250,0
1443,2.3776,256,0,2,0,172.61,622,8189,2,0,488,2,4.11176,2836,904,8252,0
1721,2.83568,275,0,5,0,117.759,641,8127,5,0,376,5,58.2238,2841,909,8257,0
1621,2.67055,249,0,2,0,148.426,661,8189,2,0,411,2,96.258,2843,911,8259,0
1591,2.62122,113,0,5,0,160.344,678,8189,5,0,364,5,6.54586,2848,916,8264,0
1406,2.31641,250,0,2,0,75.584,698,8189,2,0,420,2,3.82995,2850,918,8266,0
1607,2.64777,178,0,5,0,102.678,716,8191,5,0,398,5,4.0376,2855,923,8271,0
1419,2.33792,161,0,2,0,112.246,740,8191,2,0,553,2,4.33589,2857,925,8273,0
1340,2.20793,179,0,5,0,86.615,752,8187,5,0,282,5,3.42125,2862,930,8278,0
1601,2.63802,222,0,3,0,107.076,772,8191,3,0,479,3,4.26173,2865,933,8281,0
1548,2.55048,266,0,4,0,90.975,790,8191,4,0,421,4,6.37941,2869,937,8285,0
1376,2.26722,156,0,1,0,141.687,811,8189,1,0,547,1,6.8837,2870,938,8286,0
1367,2.25232,193,0,3,0,89.371,826,8189,3,0,375,3,3.75414,2873,941,8289,0
1680,2.76793,297,0,1,0,315.469,848,8189,1,0,561,1,14.3804,2874,942,8290,0
1736,2.8604,351,0,3,0,143.071,864,8191,3,0,453,3,9.84515,2877,945,8293,0
2746,4.52458,839,0,0,0,326.323,902,8187,0,0,1039,0,37.6354,2877,945,8293,0
1538,2.53416,472,0,0,0,283.517,928,8189,0,0,746,0,5.58837,2877,945,8293,0
1400,2.30667,269,0,7,0,77.497,940,8137,7,0,345,7,4.3293,2884,952,8300,0
1476,2.43198,125,0,5,0,84.158,954,8189,5,0,415,5,7.85931,2889,957,8305,0
1370,2.25729,205,0,3,0,143.115,967,8187,3,0,404,3,3.88598,2892,960,8308,0
1418,2.33626,334,0,3,0,78.652,982,8189,3,0,432,3,3.38829,2895,963,8311,0
1682,2.77143,105,0,5,0,94.392,997,8189,5,0,489,5,3.68658,2900,968,8316,0
1417,2.33465,197,0,3,0,78.387,1015,8190,3,0,558,3,3.31248,2903,971,8319,0
1604,2.64273,411,0,0,0,135.424,1034,8189,0,0,620,0,6.04486,2903,971,8319,0
1466,2.41533,141,0,3,0,69.324,1049,8189,3,0,487,3,3.51189,2906,974,8322,0
1993,3.28361,139,0,1,0,228.133,1072,8189,1,0,740,1,39.0312,2907,975,8323,0
1442,2.37594,146,0,2,0,185.065,1088,8189,2,0,541,2,5.92126,2909,977,8325,0
1373,2.26214,198,0,3,0,71.793,1100,8189,3,0,411,3,4.4084,2912,980,8328,0
1363,2.24566,197,0,3,0,108.017,1116,8189,3,0,578,3,3.87115,2915,983,8331,0
1478,2.43533,161,0,0,0,63.043,1138,8189,0,0,742,0,2.72085,2915,983,8331,0
1434,2.36263,209,0,3,0,143.456,1150,8189,3,0,459,3,9.57488,2918,986,8334,0
1568,2.58356,208,0,5,0,106.09,1161,8189,5,0,388,5,4.10682,2923,991,8339,0
1474,2.42876,303,0,5,0,126.485,1172,8190,5,0,385,5,166.865,2928,996,8344,0
1430,2.35612,122,0,4,0,102.542,1184,8189,4,0,457,4,3.76238,2932,1000,8348,0
1627,2.68081,165,0,3,0,104.424,1199,8189,3,0,572,3,4.58638,2935,1003,8351,0
1353,2.22932,98,0,370,0,87.132,98,8189,177,0,419,3,3.81842,3112,1006,8721,0
1398,2.3035,140,0,0,0,112.298,191,8189,0,0,686,0,90.4142,3112,1006,8721,0
1573,2.59189,117,0,1,0,68.531,261,8189,1,0,714,1,6.04816,3113,1007,8722,0
1538,2.53412,301,0,3,0,118.971,314,8187,3,0,476,3,3.16251,3116,1010,8725,0
1386,2.28376,165,0,7,0,153.645,336,8189,7,0,220,7,3.46245,3123,1017,8732,0
1538,2.53402,133,0,4,0,113.678,373,8189,4,0,414,4,3.52507,3127,1021,8736,0
1771,2.918,399,0,0,0,250.091,433,8187,0,0,757,0,5.55706,3127,1021,8736,0
1571,2.58837,433,0,1,0,230.286,473,8189,1,0,566,1,2.71426,3128,1022,8737,0
673,1.10881,488,0,488,0,284.209,2,8191,104,0,230,0,3.52507,3232,1022,9225,0
604,0.995142,167,0,0,0,81.574,226,8189,1,0,224,0,3.25974,3233,1022,9225,0
1203,1.98222,77,0,245,0,102.274,128,8189,155,0,495,1,3.85797,3388,1023,9470,0
1419,2.33793,179,0,3,0,122.45,190,8189,3,0,504,3,3.19547,3391,1026,9473,0
1273,2.09755,172,0,3,0,75.657,245,8189,3,0,372,3,208.119,3394,1029,9476,0
1320,2.17481,115,0,5,0,131.575,293,8189,5,0,408,5,4.24195,3399,1034,9481,0
1479,2.43686,219,0,2,0,92.61,337,8191,2,0,428,2,3.58275,3401,1036,9483,0
1410,2.32307,137,0,5,0,205.136,363,8191,5,0,286,5,3.72118,3406,1041,9488,0
2053,3.38275,429,0,0,0,158.304,434,8189,0,0,886,0,18.7229,3406,1041,9488,0
1343,2.2129,105,0,1,0,72.508,474,8189,1,0,576,1,3.79864,3407,1042,9489,0
1487,2.45008,323,0,3,0,179.025,496,8189,3,0,320,3,13.9009,3410,1045,9492,0
1623,2.67417,114,0,5,0,63.292,529,8189,5,0,538,5,16.6563,3415,1050,9497,0
1419,2.33796,171,0,6,0,103.77,552,8189,6,0,379,6,3.44762,3421,1056,9503,0
1563,2.57518,254,0,5,0,217.026,566,8191,5,0,253,5,3.18558,3426,1061,9508,0
1450,2.3892,162,0,5,0,90.283,586,8191,5,0,366,5,3.25315,3431,1066,9513,0
1426,2.34949,163,0,2,0,123.711,613,8189,2,0,510,2,6.60683,3433,1068,9515,0
1504,2.47818,171,0,8,0,91.871,633,8189,8,0,372,8,131.8,3441,1076,9523,0
1480,2.43852,133,0,4,0,80.008,655,8189,4,0,455,4,8.82504,3445,1080,9527,0
1612,2.65614,447,0,1,0,195.519,683,8189,1,0,578,1,6.03168,3446,1081,9528,0
1546,2.54716,206,0,4,0,99.574,704,8189,4,0,455,4,3.82336,3450,1085,9532,0
1547,2.54881,146,0,5,0,149.017,721,8189,5,0,384,5,3.2515,3455,1090,9537,0
1466,2.41534,185,0,3,0,120.297,742,8189,3,0,481,3,2.64669,3458,1093,9540,0
1445,2.38085,271,0,2,0,109.258,759,8189,2,0,405,2,3.40642,3460,1095,9542,0
1362,2.24397,67,0,257,0,111.235,67,8189,186,0,334,4,21.485,3646,1099,9799,0
1248,2.05635,132,0,4,0,68.391,132,8189,4,0,435,4,3.58934,3650,1103,9803,0
1353,2.22938,202,0,1,0,137.248,206,8189,1,0,582,1,5.46971,3651,1104,9804,0
1284,2.11549,271,0,1,0,158.385,273,8189,1,0,498,1,5.85534,3652,1105,9805,0
1391,2.29171,229,0,3,0,117.3,322,8187,3,0,464,3,3.74755,3655,1108,9808,0
1474,2.42874,159,0,1,0,108.546,378,8191,1,0,612,1,4.91269,3656,1109,9809,0
1538,2.53417,199,0,3,0,103.498,422,8189,3,0,551,3,8.47731,3659,1112,9812,0
1547,2.54892,363,0,3,0,101.249,451,8187,3,0,396,3,4.01618,3662,1115,9815,0
1585,2.61141,279,0,3,0,128.286,477,8189,3,0,367,3,3.00266,3665,1118,9818,0
1699,2.79927,270,0,2,0,203.591,517,8190,2,0,621,2,27.07,3667,1120,9820,0
1426,2.34961,315,0,0,0,169.443,558,8189,0,0,697,0,3.1724,3667,1120,9820,0
1371,2.25884,153,0,5,0,182.09,588,8191,5,0,538,5,3.22349,3672,1125,9825,0
1556,2.56361,156,0,6,0,159.297,606,8191,6,0,330,6,3.82006,3678,1131,9831,0
1481,2.44012,98,0,4,0,62.5,628,8189,4,0,430,4,5.92126,3682,1135,9835,0
1389,2.28856,211,0,3,0,125.274,650,8190,3,0,436,3,3.22678,3685,1138,9838,0
1782,2.93612,669,0,4,0,98.436,669,8190,4,0,388,4,5.7235,3689,1142,9842,0
1588,2.61659,303,0,3,0,90.256,691,8189,3,0,473,3,5.63122,3692,1145,9845,0
1428,2.35274,343,0,3,0,95.558,709,8189,3,0,400,3,3.63384,3695,1148,9848,0
1515,2.49604,395,0,4,0,141.852,725,8189,4,0,345,4,4.43147,3699,1152,9852,0
1444,2.3791,175,0,3,0,104.673,744,8189,3,0,448,3,3.43278,3702,1155,9855,0
1459,2.40377,152,0,4,0,80.167,766,8189,4,0,508,4,3.69317,3706,1159,9859,0
1485,2.44683,393,0,5,0,140.694,780,8189,5,0,350,5,3.2581,3711,1164,9864,0
1443,2.37761,145,0,5,0,109.745,797,8191,5,0,427,5,3.98981,3716,1169,9869,0
1491,2.45667,256,0,4,0,82.438,812,8191,4,0,377,4,5.12363,3720,1173,9873,0
1510,2.48794,168,0,1,0,150.247,837,8189,1,0,647,1,11.6415,3721,1174,9874,0
1574,2.59344,182,0,1,0,323.654,854,8189,1,0,446,1,3.62725,3722,1175,9875,0
1482,2.44165,173,0,3,0,92.877,871,8189,3,0,438,3,2.98947,3725,1178,9878,0
1492,2.45819,123,0,2,0,97.063,891,8189,2,0,565,2,3.91565,3727,1180,9880,0
1576,2.59673,139,0,4,0,116.629,906,8189,4,0,417,4,3.4196,3731,1184,9884,0
1729,2.84883,755,0,0,0,321.654,922,8189,0,0,455,0,30.2243,3731,1184,9884,0
935,1.54052,928,0,0,0,455.868,928,8191,0,0,171,0,47.1608,3731,1184,9884,0
1108,1.82545,244,0,929,0,118.719,375,8189,129,0,373,1,14.7677,3860,1185,10813,0
1472,2.42525,464,0,2,0,131.585,464,8189,2,0,431,2,3.20206,3862,1187,10815,0
289,0.476176,45,0,464,0,52.948,45,8189,156,0,44,0,3.60747,4018,1187,11279,0
1536,2.53089,223,0,0,0,135.693,235,8187,0,0,684,0,3.74261,4018,1187,11279,0
1373,2.26215,134,0,2,0,84.815,250,8189,2,0,507,2,4.04254,4020,1189,11281,0
1361,2.24235,152,0,3,0,79.724,291,8189,3,0,448,3,12.0617,4023,1192,11284,0
1579,2.60154,117,0,2,0,211.014,347,8189,2,0,565,2,5.65429,4025,1194,11286,0
1614,2.65914,296,0,1,0,160.502,400,8187,1,0,619,1,6.9249,4026,1195,11287,0
1555,2.56216,213,0,2,0,130.942,444,8189,2,0,581,2,8.80526,4028,1197,11289,0
1469,2.42047,154,0,5,0,84.786,481,8190,5,0,535,5,4.51058,4033,1202,11294,0
1656,2.72857,215,0,1,0,171.119,522,8189,1,0,643,1,13.9668,4034,1203,11295,0
1574,2.59345,141,0,338,0,100.662,167,8189,338,0,387,3,9.67046,4372,1206,11633,0
1313,2.16345,171,0,4,0,59.86,172,8189,4,0,397,4,3.7492,4376,1210,11637,0
1466,2.41539,125,0,3,0,105.114,207,8189,3,0,512,3,4.2469,4379,1213,11640,0
1464,2.41207,275,0,3,0,154.8,275,8189,3,0,511,3,3.53331,4382,1216,11643,0
1383,2.27861,143,0,3,0,111.741,321,8187,3,0,432,3,5.92126,4385,1219,11646,0
1574,2.59333,371,0,3,0,135.393,371,8189,3,0,534,3,3.4229,4388,1222,11649,0
1968,3.24243,228,0,1,0,217.213,440,8189,1,0,877,1,23.2401,4389,1223,11650,0
2265,3.73172,427,0,0,0,178.439,510,8185,0,0,1038,0,144.62,4389,1223,11650,0
1479,2.43688,342,0,2,0,102.88,546,8189,2,0,590,2,6.96774,4391,1225,11652,0
1530,2.52078,159,0,2,0,145.811,574,8189,2,0,501,2,6.31184,4393,1227,11654,0
1588,2.61646,232,0,2,0,114.306,606,8189,2,0,584,2,3.79534,4395,1229,11656,0
1392,2.29361,161,0,4,0,69.168,632,8188,4,0,498,4,3.7492,4399,1233,11660,0
1409,2.32142,178,0,3,0,69.577,658,8177,3,0,524,3,11.0894,4402,1236,11663,0
1447,2.38415,202,0,4,0,124.646,679,8189,4,0,456,4,3.90741,4406,1240,11667,0
1597,2.63125,178,0,6,0,92.101,699,8191,6,0,435,6,49.8504,4412,1246,11673,0
1465,2.41383,316,0,5,0,82.556,721,8191,5,0,473,5,4.9407,4417,1251,11678,0
1484,2.44518,208,0,3,0,139.453,741,8189,3,0,461,3,4.06067,4420,1254,11681,0
1342,2.21103,211,0,2,0,109.974,765,8189,2,0,556,2,3.62066,4422,1256,11683,0
1510,2.48797,202,0,2,0,110.793,787,8189,2,0,540,2,4.90774,4424,1258,11685,0
1525,2.51262,218,0,2,0,78.502,808,8189,2,0,525,2,10.5291,4426,1260,11687,0
1486,2.44837,179,0,3,0,133.564,831,8189,3,0,586,3,4.05408,4429,1263,11690,0
1114,1.8354,4,0,842,0,138.634,4,8189,110,0,174,5,3.44926,4539,1268,12532,0
1130,1.86176,112,0,4,0,64.821,356,8035,4,0,352,4,3.72118,4543,1272,12536,0
1615,2.66103,139,0,2,0,105.541,418,8189,2,0,468,2,7.63848,4545,1274,12538,0
1446,2.38238,275,0,2,0,119.202,422,8187,2,0,563,2,5.32304,4547,1276,12540,0
1484,2.445,111,0,4,0,129.094,426,8189,4,0,349,4,7.18034,4551,1280,12544,0
1467,2.417,196,0,0,0,120.219,444,8187,0,0,698,0,3.93378,4551,1280,12544,0
1523,2.50927,386,0,0,0,258.095,480,8189,0,0,572,0,6.14869,4551,1280,12544,0
1502,2.47456,331,0,2,0,113.56,514,8191,2,0,534,2,4.50069,4553,1282,12546,0
1452,2.39228,148,0,3,0,245.306,544,8189,3,0,495,3,4.00299,4556,1285,12549,0
1978,3.25906,584,0,1,0,215.683,584,8189,1,0,701,1,4.13978,4557,1286,12550,0
1546,2.54716,128,0,2,0,101.012,618,8189,2,0,641,2,6.63485,4559,1288,12552,0
1647,2.71372,315,0,2,0,202.104,648,8189,2,0,594,2,312.591,4561,1290,12554,0
1180,1.94427,667,0,0,0,254.95,667,8191,0,0,401,0,19.3953,4561,1290,12554,0
1054,1.73665,288,0,667,0,125.685,322,8189,136,0,320,0,5.18626,4697,1290,13221,0
1467,2.41694,318,0,2,0,104.866,334,8191,2,0,489,2,3.7113,4699,1292,13223,0
1480,2.43843,324,0,2,0,74.727,339,8189,2,0,511,2,4.03266,4701,1294,13225,0
1461,2.40715,348,0,2,0,136.716,351,8187,2,0,437,2,4.21723,4703,1296,13227,0
1400,2.30637,157,0,4,0,94.137,380,8187,4,0,481,4,7.26274,4707,1300,13231,0
1551,2.55547,331,0,1,0,231.696,435,8189,1,0,691,1,5.57024,4708,1301,13232,0
553,0.911165,112,0,435,0,71.319,117,8189,105,0,116,0,4.79403,4813,1301,13667,0
1420,2.3396,127,0,6,0,91.394,219,8189,6,0,440,6,30.1419,4819,1307,13673,0
1502,2.47423,226,0,1,0,135.261,238,8189,1,0,639,1,3.98981,4820,1308,13674,0
1533,2.52575,241,0,3,0,90.293,292,8189,3,0,531,3,3.66845,4823,1311,13677,0
1550,2.55374,143,0,3,0,116.671,339,8189,3,0,460,3,3.70306,4826,1314,13680,0
1484,2.445,134,0,6,0,68.032,375,8191,6,0,402,6,2.94662,4832,1320,13686,0
1445,2.3807,134,0,3,0,79.591,415,8187,3,0,498,3,7.99115,4835,1323,13689,0
1540,2.5374,201,0,3,0,100.007,450,8191,3,0,471,3,4.9028,4838,1326,13692,0
1482,2.44188,123,0,1,0,220.438,490,8189,1,0,594,1,3.78051,4839,1327,13693,0
1411,2.32487,510,0,2,0,160.314,510,8189,2,0,311,2,3.10483,4841,1329,13695,0
407,0.670611,36,0,510,0,71.261,36,8189,285,0,35,0,3.1691,5126,1329,14205,0
716,1.17967,75,0,71,0,62.199,75,8189,71,0,311,0,3.22019,5197,1329,14276,0
1479,2.43698,192,0,2,0,121.201,210,8189,2,0,604,2,3.97498,5199,1331,14278,0
1509,2.48643,208,0,3,0,74.145,271,8189,3,0,460,3,3.0043,5202,1334,14281,0
1468,2.41862,95,0,2,0,119.361,327,8189,2,0,523,2,4.69186,5204,1336,14283,0
1350,2.22423,160,0,346,0,61.34,160,8189,248,0,335,2,3.64373,5452,1338,14629,0
1290,2.12432,179,0,1,0,111.579,179,8189,1,0,557,1,10.862,5453,1339,14630,0
1472,2.42524,249,0,0,0,153.578,251,8189,0,0,707,0,4.30293,5453,1339,14630,0
1350,2.22405,287,0,4,0,107.361,287,8189,4,0,301,4,3.91235,5457,1343,14634,0
1473,2.427,181,0,2,0,160.001,336,8189,2,0,473,2,3.86291,5459,1345,14636,0
1509,2.48623,123,0,3,0,78.015,381,8189,3,0,511,3,3.66515,5462,1348,14639,0
1429,2.3543,421,0,1,0,208.347,421,8189,1,0,503,1,6.798,5463,1349,14640,0
400,0.659058,91,0,421,0,50.354,93,8189,105,0,92,0,4.08374,5568,1349,15061,0
1359,2.23926,212,0,3,0,101.062,212,8188,3,0,458,3,6.75515,5571,1352,15064,0
1408,2.31965,227,0,3,0,151.256,227,8189,3,0,558,3,7.61211,5574,1355,15067,0
1568,2.58342,261,0,2,0,61.515,280,8189,2,0,522,2,13.1593,5576,1357,15069,0
1487,2.44998,170,0,1,0,134.612,352,8189,1,0,704,1,10.0577,5577,1358,15070,0
1982,3.26551,408,0,1,0,199.155,417,8185,1,0,789,1,71.5792,5578,1359,15071,0
1623,2.67158,174,0,2,0,164.075,457,8191,2,0,551,2,7.8313,5580,1361,15073,0
1508,2.48416,225,0,4,0,138.016,486,8189,4,0,414,4,5.9773,5584,1365,15077,0
1458,2.40229,156,0,3,0,173.357,516,8189,3,0,474,3,3.53496,5587,1368,15080,0
1514,2.49446,482,0,1,0,87.052,547,8189,1,0,512,1,3.914,5588,1369,15081,0
1582,2.6066,166,0,1,0,95.801,582,8187,1,0,628,1,8.9849,5589,1370,15082,0
1082,1.78278,146,0,327,0,58.665,160,8189,127,0,248,2,3.64208,5716,1372,15409,0
1394,2.29664,170,0,6,0,88.878,170,8190,6,0,529,6,4.18592,5722,1378,15415,0
1432,2.35951,187,0,4,0,115.78,208,8189,4,0,428,4,4.49739,5726,1382,15419,0
1499,2.46988,159,0,2,0,83.514,287,8189,2,0,614,2,3.63549,5728,1384,15421,0
1419,2.33797,148,0,3,0,84.082,334,8189,3,0,449,3,3.28611,5731,1387,15424,0
1684,2.77464,149,0,2,0,257.861,393,8187,2,0,673,2,22.2612,5733,1389,15426,0
1495,2.4631,218,0,2,0,82.237,435,8187,2,0,551,2,4.51717,5735,1391,15428,0
1403,2.31174,160,0,2,0,100.492,480,8189,2,0,643,2,7.4984,5737,1393,15430,0
1580,2.60327,130,0,4,0,102.351,509,8189,4,0,443,4,3.34379,5741,1397,15434,0
1331,2.19296,530,0,2,0,201.152,530,8191,2,0,335,2,9.36723,5743,1399,15436,0
1106,1.82232,84,0,531,0,103.17,265,8189,106,0,362,1,3.77227,5849,1400,15967,0
1606,2.64628,246,0,3,0,120.204,269,8189,3,0,513,3,3.60088,5852,1403,15970,0
1272,2.09581,114,0,4,0,67.723,281,8189,4,0,498,4,3.0521,5856,1407,15974,0
1518,2.50105,169,0,3,0,94.572,321,8189,3,0,503,3,3.39158,5859,1410,15977,0
1600,2.63613,186,0,1,0,77.588,378,8189,1,0,624,1,3.60747,5860,1411,15978,0
1393,2.29509,121,0,3,0,210.773,417,8189,3,0,490,3,8.88766,5863,1414,15981,0
1769,2.91467,257,0,1,0,82.782,471,8189,1,0,750,1,21.2839,5864,1415,15982,0
1419,2.33797,146,0,5,0,121.481,495,8187,5,0,368,5,7.80822,5869,1420,15987,0
1570,2.58669,112,0,4,0,209.809,526,8187,4,0,482,4,3.57781,5873,1424,15991,0
1529,2.51923,148,0,4,0,125.037,553,8189,4,0,469,4,7.0419,5877,1428,15995,0
1502,2.47485,476,0,1,0,269.335,581,8189,1,0,489,1,4.75118,5878,1429,15996,0
1098,1.80901,601,0,0,0,210.028,601,8191,0,0,375,0,7.32536,5878,1429,15996,0
889,1.46482,124,0,603,0,53.159,224,8191,134,0,222,2,3.16086,6012,1431,16599,0
1399,2.30509,133,0,5,0,82.651,301,8189,5,0,501,5,4.72811,6017,1436,16604,0
1514,2.49461,151,0,3,0,90.187,307,8189,3,0,515,3,6.26899,6020,1439,16607,0
1440,2.3726,119,0,4,0,94.768,323,8187,4,0,458,4,18.6883,6024,1443,16611,0
1576,2.59657,308,0,8,0,90.944,348,8109,8,0,332,8,54.6114,6032,1451,16619,0
1509,2.4862,129,0,2,0,244.457,388,8191,2,0,460,2,10.2423,6034,1453,16621,0
1479,2.43678,148,0,3,0,90.436,428,8189,3,0,516,3,5.58837,6037,1456,16624,0
1386,2.28355,200,0,5,0,105.093,455,8189,5,0,365,5,3.78381,6042,1461,16629,0
1465,2.41381,182,0,5,0,145.29,486,8191,5,0,463,5,6.87875,6047,1466,16634,0
1696,2.7943,21,0,515,0,100.238,133,8189,363,0,555,2,5.40214,6410,1468,17149,0
1495,2.46329,213,0,2,0,83.548,258,8189,19,0,512,2,105.245,6429,1470,17151,0
1377,2.26863,142,0,6,0,93.717,264,8189,6,0,447,6,3.95685,6435,1476,17157,0
1528,2.51764,287,0,3,0,106.555,290,8189,3,0,523,3,7.76538,6438,1479,17160,0
1294,2.13205,178,0,1,0,119.998,344,8189,1,0,539,1,13.9091,6439,1480,17161,0
1725,2.84229,373,0,2,0,152.121,395,8191,2,0,583,2,3.38005,6441,1482,17163,0
1704,2.80765,350,0,0,0,223.4,454,8189,0,0,792,0,5.45982,6441,1482,17163,0
1706,2.81086,250,0,3,0,176.302,495,8189,3,0,609,3,3.54155,6444,1485,17166,0
1819,2.99715,456,0,2,0,136.336,525,8187,2,0,471,2,3.67504,6446,1487,17168,0
1625,2.67742,339,0,1,0,181.961,564,8189,1,0,665,1,3.57781,6447,1488,17169,0
1595,2.62789,184,0,3,0,198.971,594,8189,3,0,546,3,3.47893,6450,1491,17172,0
1437,2.36752,121,0,3,0,98.113,619,8189,3,0,463,3,4.53694,6453,1494,17175,0
1836,3.02486,470,0,1,0,179.051,652,8189,1,0,661,1,95.64,6454,1495,17176,0
1768,2.91291,542,0,0,0,260.23,686,8189,0,0,723,0,7.76043,6454,1495,17176,0
1511,2.48942,120,0,4,0,111.914,708,8191,4,0,473,4,4.93246,6458,1499,17180,0
1659,2.73335,234,0,3,0,141.072,727,8191,3,0,420,3,5.07254,6461,1502,17183,0
1376,2.26708,123,0,6,0,106.578,741,8191,6,0,328,6,3.81347,6467,1508,17189,0
1533,2.52573,521,0,3,0,103.884,759,8187,3,0,420,3,4.68526,6470,1511,17192,0
651,1.07256,9,0,764,0,234.334,9,8187,124,0,118,0,4.31446,6594,1511,17956,0
1612,2.65603,372,0,0,0,183.566,382,8189,0,0,631,0,66.5627,6594,1511,17956,0
1558,2.5671,236,0,3,0,82.873,384,8189,3,0,445,3,5.45158,6597,1514,17959,0
1429,2.35456,123,0,7,0,113.753,388,8189,7,0,393,7,4.35402,6604,1521,17966,0
1493,2.45977,202,0,3,0,149.194,398,8185,3,0,483,3,4.44795,6607,1524,17969,0
1531,2.52263,140,0,2,0,214.851,417,8189,2,0,437,2,6.37446,6609,1526,17971,0
1431,2.35781,180,0,2,0,129.076,449,8187,2,0,425,2,3.69646,6611,1528,17973,0
1464,2.41205,169,0,5,0,86.456,476,8191,5,0,399,5,8.80856,6616,1533,17978,0
1732,2.85374,322,0,1,0,146.171,519,8185,1,0,669,1,4.81381,6617,1534,17979,0
1571,2.5886,142,0,3,0,106.828,551,8189,3,0,538,3,4.22712,6620,1537,17982,0
1446,2.38239,329,0,3,0,242.042,567,8191,3,0,267,3,3.59429,6623,1540,17985,0
1485,2.44676,185,0,3,0,85.222,590,8189,3,0,417,3,3.49046,6626,1543,17988,0
1534,2.52739,95,0,3,0,51.127,618,8190,3,0,542,3,3.8283,6629,1546,17991,0
1355,2.2325,138,0,2,0,99.17,643,8187,2,0,482,2,3.96014,6631,1548,17993,0
1592,2.62288,144,0,5,0,81.022,665,8191,5,0,449,5,4.64242,6636,1553,17998,0
1326,2.18471,182,0,1,0,143.052,690,8189,1,0,538,1,3.13779,6637,1554,17999,0
2468,4.06642,725,0,2,0,230.039,729,8183,2,0,855,2,20.4583,6639,1556,18001,0
1451,2.39073,113,0,2,0,135.824,766,8191,2,0,872,2,4.69845,6641,1558,18003,0
1792,2.95264,390,0,3,0,148.628,791,8189,3,0,606,3,8.55147,6644,1561,18006,0
1534,2.52747,189,0,1,0,167.688,821,8189,1,0,762,1,20.8423,6645,1562,18007,0
1489,2.45328,94,0,1,0,78.057,843,8189,1,0,583,1,3.29435,6646,1563,18008,0
1466,2.41554,212,0,3,0,120.454,862,8189,3,0,495,3,3.09659,6649,1566,18011,0
1523,2.5092,226,0,2,0,102.71,878,8189,2,0,444,2,3.6289,6651,1568,18013,0
1399,2.30505,238,0,5,0,91.692,894,8190,5,0,442,5,3.62725,6656,1573,18018,0
1517,2.49953,273,0,3,0,94.548,909,8189,3,0,401,3,3.43443,6659,1576,18021,0
1491,2.45653,167,0,1,0,93.494,929,8189,1,0,591,1,13.9948,6660,1577,18022,0
2442,4.02337,609,0,1,0,241.93,957,8187,1,0,837,1,70.8574,6661,1578,18023,0
1419,2.33792,295,0,2,0,127.45,976,8191,2,0,558,2,10.4022,6663,1580,18025,0
2660,4.38265,991,0,0,0,179.886,1004,8187,0,0,883,0,52.7179,6663,1580,18025,0
1483,2.44354,145,0,3,0,74.663,1020,8189,3,0,503,3,7.53301,6666,1583,18028,0
1488,2.45169,391,0,4,0,131.617,1032,8189,4,0,389,4,3.94861,6670,1587,18032,0
1022,1.68387,24,0,1036,0,114.068,24,8191,163,0,95,1,3.71459,6833,1588,19068,0
1416,2.33312,182,0,3,0,76.073,488,8189,3,0,464,3,3.41795,6836,1591,19071,0
1534,2.52749,141,0,4,0,168.535,517,8187,4,0,431,4,3.67504,6840,1595,19075,0
1557,2.56552,194,0,3,0,88.629,519,8189,3,0,543,3,3.93378,6843,1598,19078,0
1604,2.64295,512,0,4,0,64.525,522,8189,4,0,356,4,2.8461,6847,1602,19082,0
997,1.64265,149,0,522,0,85.281,237,8191,162,0,344,0,122.985,7009,1602,19604,0
1431,2.35768,228,0,5,0,114.329,262,8189,5,0,356,5,5.99213,7014,1607,19609,0
1402,2.31011,122,0,3,0,107.567,269,8191,3,0,499,3,3.68658,7017,1610,19612,0
1377,2.26892,197,0,1,0,121.483,299,8187,1,0,588,1,4.38203,7018,1611,19613,0
1480,2.43845,280,0,6,0,71.846,340,8191,6,0,408,6,5.99872,7024,1617,19619,0
1587,2.6146,242,0,3,0,123.185,382,8189,3,0,474,3,3.53826,7027,1620,19622,0
1565,2.57869,193,0,2,0,149.562,431,8189,2,0,630,2,3.81842,7029,1622,19624,0
1410,2.3231,227,0,1,0,125.411,472,8189,1,0,579,1,6.94138,7030,1623,19625,0
1531,2.52248,223,0,2,0,131.351,510,8189,2,0,575,2,10.3873,7032,1625,19627,0
1423,2.3446,155,0,7,0,83.121,534,8115,7,0,401,7,3.44432,7039,1632,19634,0
1995,3.28718,530,0,5,0,148.958,564,8191,5,0,514,5,4.22547,7044,1637,19639,0
957,1.57673,14,0,583,0,247.256,14,8189,195,0,352,0,11.5871,7239,1637,20222,0
1430,2.35612,285,0,0,0,164.183,292,8191,0,0,584,0,5.42686,7239,1637,20222,0
1494,2.46163,254,0,0,0,189.052,303,8189,0,0,766,0,5.69384,7239,1637,20222,0
1538,2.53396,103,0,3,0,113.48,325,8189,3,0,468,3,4.37874,7242,1640,20225,0
1589,2.618,124,0,5,0,182.82,364,8191,5,0,417,5,3.84643,7247,1645,20230,0
1403,2.31154,368,0,0,0,212.859,412,8189,0,0,585,0,5.48454,7247,1645,20230,0
1396,2.30001,113,0,5,0,96.466,440,8189,5,0,364,5,3.48222,7252,1650,20235,0
1399,2.30515,272,0,1,0,203.21,476,8189,1,0,528,1,3.79205,7253,1651,20236,0
1968,3.24275,435,0,1,0,210.869,522,8187,1,0,704,1,12.9137,7254,1652,20237,0
2204,3.6316,579,0,0,0,201.047,579,8189,0,0,986,0,186.376,7254,1652,20237,0
1323,2.17975,128,0,3,0,99.374,613,8189,3,0,645,3,4.66878,7257,1655,20240,0
1539,2.53556,114,0,396,0,86.24,195,8189,203,0,382,5,4.26502,7460,1660,20636,0
1489,2.45343,166,0,4,0,69.66,200,8189,4,0,524,4,6.67934,7464,1664,20640,0
1372,2.26063,161,0,1,0,63.742,238,8189,1,0,581,1,3.0521,7465,1665,20641,0
1435,2.36441,282,0,5,0,91.227,293,8190,5,0,461,5,3.64373,7470,1670,20646,0
1528,2.51765,202,0,3,0,122.271,350,8189,3,0,566,3,3.38994,7473,1673,20649,0
1495,2.46329,85,0,260,0,118.328,17,8189,105,0,378,4,4.41664,7578,1677,20909,0
1348,2.22094,133,0,1,0,89.187,138,8189,66,0,558,1,3.41795,7644,1678,20910,0
1471,2.42369,212,0,4,0,86.356,212,8190,4,0,548,4,3.46739,7648,1682,20914,0
1444,2.37911,267,0,5,0,84.223,267,8189,5,0,412,5,3.51848,7653,1687,20919,0
1413,2.3282,115,0,2,0,106.386,312,8191,2,0,412,2,3.58605,7655,1689,20921,0
1649,2.7171,189,0,3,0,108.307,357,8189,3,0,464,3,3.06858,7658,1692,20924,0
1473,2.42683,163,0,2,0,105.861,404,8189,2,0,559,2,8.83987,7660,1694,20926,0
1360,2.24071,125,0,4,0,104.126,430,8189,4,0,350,4,3.98322,7664,1698,20930,0
1574,2.59327,108,0,285,0,68.041,142,8189,239,0,446,4,3.12296,7903,1702,21215,0
1422,2.34287,182,0,1,0,120.678,187,8191,1,0,611,1,4.70998,7904,1703,21216,0
1448,2.38574,194,0,1,0,121.933,278,8189,1,0,663,1,4.02277,7905,1704,21217,0
1614,2.65943,329,0,2,0,158.65,332,8191,2,0,520,2,5.28843,7907,1706,21219,0
799,1.31643,367,0,0,0,243.374,367,8191,0,0,382,0,5.17637,7907,1706,21219,0
1109,1.82709,158,0,368,0,58.422,183,8191,105,0,359,1,3.3817,8012,1707,21587,0
1381,2.2754,139,0,4,0,111.181,192,8191,4,0,440,4,3.70965,8016,1711,21591,0
1488,2.45175,203,0,5,0,77.557,237,8191,5,0,512,5,3.43114,8021,1716,21596,0
1627,2.68084,313,0,1,0,170.196,314,8191,1,0,662,1,4.88467,8022,1717,21597,0
1433,2.361,156,0,6,0,91.267,360,8191,6,0,483,6,2.98947,8028,1723,21603,0
1548,2.55044,319,0,4,0,162.256,397,8191,4,0,443,4,3.89422,8032,1727,21607,0
1506,2.48123,299,0,1,0,164.768,444,8187,1,0,610,1,3.64538,8033,1728,21608,0
1114,1.83544,475,0,0,0,231.417,475,8191,0,0,457,0,3.44762,8033,1728,21608,0
790,1.3017,192,0,475,0,129.809,221,8189,171,0,219,0,3.2993,8204,1728,22083,0
1522,2.50764,237,0,1,0,137.474,242,8189,1,0,652,1,3.89752,8205,1729,22084,0
1417,2.33463,127,0,3,0,103.072,260,8189,3,0,463,3,3.39488,8208,1732,22087,0
1341,2.20947,280,0,4,0,127.95,301,8186,4,0,430,4,3.76898,8212,1736,22091,0
1593,2.62473,147,0,4,0,100.322,342,8191,4,0,409,4,6.04981,8216,1740,22095,0
1405,2.31494,274,0,4,0,118.185,388,8189,4,0,533,4,6.28712,8220,1744,22099,0
1559,2.56858,160,0,4,0,110.664,419,8189,4,0,383,4,7.32042,8224,1748,22103,0
1508,2.48477,238,0,4,0,76.104,449,8191,4,0,417,4,17.9105,8228,1752,22107,0
1843,3.03478,482,0,1,0,119.169,494,8189,1,0,662,1,6.29206,8229,1753,22108,0
2011,3.3135,315,0,0,0,266.371,553,8189,0,0,959,0,38.0902,8229,1753,22108,0
1560,2.57034,433,0,3,0,207.931,585,8190,3,0,575,3,8.24989,8232,1756,22111,0
1680,2.76775,269,0,1,0,200.567,615,8187,1,0,558,1,4.46278,8233,1757,22112,0
1701,2.80249,509,0,0,0,231.76,649,8189,0,0,676,0,3.58275,8233,1757,22112,0
1740,2.86704,173,0,1,0,65.767,685,8191,1,0,748,1,5.15,8234,1758,22113,0
1648,2.71546,382,0,2,0,110.236,709,8159,2,0,527,2,7.35832,8236,1760,22115,0
1579,2.60153,434,0,4,0,79.123,727,8190,4,0,410,4,3.75579,8240,1764,22119,0
1513,2.49281,356,0,4,0,94.5,748,8189,4,0,482,4,6.42885,8244,1768,22123,0
1483,2.44334,312,0,4,0,141.584,770,8191,4,0,525,4,8.01422,8248,1772,22127,0
1554,2.56055,127,0,3,0,83.873,791,8189,3,0,503,3,4.34742,8251,1775,22130,0
1775,2.92441,537,0,0,0,157.89,818,8191,0,0,687,0,3.42619,8251,1775,22130,0
1492,2.4581,128,0,5,0,123.826,834,8189,5,0,397,5,3.49211,8256,1780,22135,0
1443,2.37746,237,0,2,0,115.128,852,8189,2,0,479,2,4.0376,8258,1782,22137,0
1630,2.68555,602,0,3,0,113.191,867,8187,3,0,409,3,3.31742,8261,1785,22140,0
1491,2.45669,165,0,3,0,86.912,886,8191,3,0,513,3,6.77822,8264,1788,22143,0
1426,2.34948,198,0,3,0,116.554,903,8191,3,0,495,3,3.82336,8267,1791,22146,0
1446,2.38235,292,0,4,0,182.303,915,8191,4,0,319,4,3.33885,8271,1795,22150,0
1853,3.0532,141,0,2,0,202.534,929,8191,2,0,415,2,206.521,8273,1797,22152,0
1469,2.42029,166,0,3,0,145.107,939,8187,3,0,300,3,120.533,8276,1800,22155,0
1576,2.59674,229,0,4,0,135.89,954,8191,4,0,445,4,4.99014,8280,1804,22159,0
1482,2.44183,200,0,3,0,131.052,971,8189,3,0,506,3,4.03595,8283,1807,22162,0
1446,2.38262,190,0,6,0,90.19,985,8191,6,0,408,6,4.0788,8289,1813,22168,0
1697,2.79617,385,0,2,0,103.988,998,8191,2,0,430,2,6.06794,8291,1815,22170,0
1506,2.48128,279,0,2,0,127.282,1017,8189,2,0,585,2,59.3791,8293,1817,22172,0
1446,2.38259,183,0,3,0,103.541,1033,8189,3,0,524,3,5.55046,8296,1820,22175,0


